Conundrums,Solutions,Difficulty
ABCDGINTU,ABDUCTING,1
ABGILNOSV,ABSOLVING,1
ACEGHIINV,ACHIEVING,1
ACDEIQTTU,ACQUITTED,1
AAADLMNTY,ADAMANTLY,1
ADGIJNSTU,ADJUSTING,1
ADFFGINOR,AFFORDING,1
AAGILMNYZ,AMAZINGLY,1
AAIIMNNOT,ANIMATION,1
AGINOPPRV,APPROVING,1
AABIRRRTY,ARBITRARY,1
AAGGINNRR,ARRANGING,1
AACGHINTT,ATTACHING,1
AACGIKNTT,ATTACKING,1
ADEEMPTTT,ATTEMPTED,1
AAABEILLV,AVAILABLE,1
AAACEHLNV,AVALANCHE,1
AADKLRWWY,AWKWARDLY,1
AABBCDKOR,BACKBOARD,1
AABDGGINN,BANDAGING,1
AABDDNNST,BANDSTAND,1
ABFHLLSUY,BASHFULLY,1
ABEGINRTT,BATTERING,1
BCEGIKNNO,BECKONING,1
ABDDEELZZ,BEDAZZLED,1
BEEEFINSS,BEEFINESS,1
BDDDEEFLU,BEFUDDLED,1
BEEGGINTT,BEGETTING,1
ABDEEGHIN,BEHEADING,1
BEEGIILNV,BELIEVING,1
BEGILLNOW,BELLOWING,1
BEGINOSTW,BESTOWING,1
BEEGINRTT,BETTERING,1
BCDEEHITW,BEWITCHED,1
BCEGIIKNR,BICKERING,1
BGIILLNOW,BILLOWING,1
AABCCJKKL,BLACKJACK,1
ABCGHILNN,BLANCHING,1
ABEKLNNSS,BLANKNESS,1
ABCEGHILN,BLEACHING,1
BDELLOOSS,BLOODLESS,1
BCGHILNOT,BLOTCHING,1
ABDMOOORR,BOARDROOM,1
BGINOORRW,BORROWING,1
BGIMNOOTT,BOTTOMING,1
ABEIINRST,BRAINIEST,1
ABCGHINNR,BRANCHING,1
ABEHNRSSS,BRASHNESS,1
ABCEGHINR,BREACHING,1
AABEFKRST,BREAKFAST,1
BCIKKORRW,BRICKWORK,1
BEIKNRSSS,BRISKNESS,1
ABCGHINOR,BROACHING,1
BEGIKNORR,BROKERING,1
BBBEGLMUU,BUBBLEGUM,1
BBBEILSTU,BUBBLIEST,1
BEIKLNSSU,BULKINESS,1
BEIMNPSSU,BUMPINESS,1
BGINORRUW,BURROWING,1
BEHINSSSU,BUSHINESS,1
BCDEEHRTU,BUTCHERED,1
BEFLRTTUY,BUTTERFLY,1
BGINNOTTU,BUTTONING,1
AACDENSSV,CANVASSED,1
ACGIINPSZ,CAPSIZING,1
AACEIPTTV,CAPTIVATE,1
ACEFLLRUY,CAREFULLY,1
AABCCEHLT,CATCHABLE,1
AACEGHMNP,CHAMPAGNE,1
CEHIOPPST,CHOPPIEST,1
BBCEHISTU,CHUBBIEST,1
CCGHIKLNU,CHUCKLING,1
ACELLSSSS,CLASSLESS,1
ACDEELRTT,CLATTERED,1
ACGIILMNX,CLIMAXING,1
CCGHIILNN,CLINCHING,1
CCKKLOORW,CLOCKWORK,1
CCGHILNTU,CLUTCHING,1
CCDEELLOT,COLLECTED,1
CDGIILLNO,COLLIDING,1
CIILLNOOS,COLLISION,1
CDGILLNOU,COLLUDING,1
ABCGIMNOT,COMBATING,1
BCGIIMNNO,COMBINING,1
CCDEEMMNO,COMMENCED,1
CDEEMMNOT,COMMENTED,1
CDEIMMOTT,COMMITTED,1
CDIMMOOTY,COMMODITY,1
CIMMNOOOT,COMMOTION,1
CIMMNOTUY,COMMUNITY,1
CGIMMNOTU,COMMUTING,1
ACCDEMOPT,COMPACTED,1
CDEELLMOP,COMPELLED,1
CEEMNOPTT,COMPETENT,1
CEGIMNOPT,COMPETING,1
CGIILMNOP,COMPILING,1
CDEELMOPT,COMPLETED,1
CGILMNOPY,COMPLYING,1
CEMNNOOPT,COMPONENT,1
CGIMNOOPS,COMPOSING,1
CDEMOOPST,COMPOSTED,1
CGIMNOPTU,COMPUTING,1
CDIINNOOT,CONDITION,1
CDGINNNOO,CONDONING,1
CDFGIINNO,CONFIDING,1
CFGIINNNO,CONFINING,1
CFGINNOSU,CONFUSING,1
CDEIJNNOO,CONJOINED,1
CGIJNNORU,CONJURING,1
CGIINNNOV,CONNIVING,1
CEGINNOVY,CONVEYING,1
CCDEINOTV,CONVICTED,1
CCDEINNOV,CONVINCED,1
CDGINOORR,CORRODING,1
CGLMOOOSY,COSMOLOGY,1
CDNNOOTUW,COUNTDOWN,1
ABBCEIRST,CRABBIEST,1
ACCGIKLNR,CRACKLING,1
CGIIKLNNR,CRINKLING,1
CGIILNPPR,CRIPPLING,1
CDOORRSSW,CROSSWORD,1
CCGHINORU,CROUCHING,1
BCGILMNRU,CRUMBLING,1
CGILMNPRU,CRUMPLING,1
CCGHINNRU,CRUNCHING,1
CGILNNNUY,CUNNINGLY,1
CILORSUUY,CURIOUSLY,1
AABBDEELT,DEBATABLE,1
BDDEEEFIR,DEBRIEFED,1
BDEGGGINU,DEBUGGING,1
BDEGIKNNU,DEBUNKING,1
CDEEGIINV,DECEIVING,1
CDDEGINTU,DEDUCTING,1
DEEEGINNP,DEEPENING,1
ADEEFGINT,DEFEATING,1
CDEEEFITV,DEFECTIVE,1
DDEEFGINN,DEFENDING,1
DEEEFINSV,DEFENSIVE,1
ADEFGILNT,DEFLATING,1
CDDEEEFLT,DEFLECTED,1
DEFGIMNOR,DEFORMING,1
CDDEEFKOR,DEFROCKED,1
ADDEEEGLT,DELEGATED,1
DDEEGHILT,DELIGHTED,1
DDEEGINNP,DEPENDING,1
CDEGIINPT,DEPICTING,1
DEEGILNPT,DEPLETING,1
DEGILNOPY,DEPLOYING,1
DEGINOPRT,DEPORTING,1
CDDDEEENS,DESCENDED,1
DEGGIINNS,DESIGNING,1
CDEEGINTT,DETECTING,1
DEEINNOTT,DETENTION,1
ADEGIINTV,DEVIATING,1
DEILOSUVY,DEVIOUSLY,1
ACDGIINTT,DICTATING,1
DGIIIKLNS,DISLIKING,1
DGIINPSTU,DISPUTING,1
DEGIINRTV,DIVERTING,1
DEIINSSZZ,DIZZINESS,1
BBDGIILNR,DRIBBLING,1
DGIILNRZZ,DRIZZLING,1
BDDFMNOUU,DUMBFOUND,1
DFILLTUUY,DUTIFULLY,1
DDGIILNNW,DWINDLING,1
CEEEFFITV,EFFECTIVE,1
ABEGIKMNR,EMBARKING,1
BDEEELMZZ,EMBEZZLED,1
BEEELMRZZ,EMBEZZLER,1
DEEEMOPRW,EMPOWERED,1
ADEEGLNNT,ENTANGLED,1
DEEELNOPV,ENVELOPED,1
EGIINPPQU,EQUIPPING,1
ABEEILQTU,EQUITABLE,1
AEGIIMNNX,EXAMINING,1
AACDEETVX,EXCAVATED,1
CDEEEGINX,EXCEEDING,1
CEEELLNTX,EXCELLENT,1
CEEGILLNX,EXCELLING,1
CEEINOPTX,EXCEPTION,1
CEEEISSVX,EXCESSIVE,1
ACDEEGHNX,EXCHANGED,1
CDEEILTXY,EXCITEDLY,1
ACDEEILMX,EXCLAIMED,1
CDEGILNUX,EXCLUDING,1
CEILNOSUX,EXCLUSION,1
CEEILSUVX,EXCLUSIVE,1
CEEGINTUX,EXECUTING,1
CEEEITUVX,EXECUTIVE,1
AEELMPRXY,EXEMPLARY,1
CDEEEIRSX,EXERCISED,1
AEEFILOTX,EXFOLIATE,1
ADEEHSTUX,EXHAUSTED,1
BDEEHIITX,EXHIBITED,1
ADEGINNPX,EXPANDING,1
AEEINPSVX,EXPANSIVE,1
ACEENPTTX,EXPECTANT,1
EEGILLNPX,EXPELLING,1
EEEINPSVX,EXPENSIVE,1
ADEEILNPX,EXPLAINED,1
EEEILPTVX,EXPLETIVE,1
DEGILNOPX,EXPLODING,1
EGILNOPRX,EXPLORING,1
EILNOOPSX,EXPLOSION,1
EEILOPSVX,EXPLOSIVE,1
EGINOPRTX,EXPORTING,1
DDEENOPUX,EXPOUNDED,1
DEEEPRSSX,EXPRESSED,1
EELPRSSXY,EXPRESSLY,1
EEIIQSTUX,EXQUISITE,1
DEEGINNTX,EXTENDING,1
EEEINSTVX,EXTENSIVE,1
EGILLNOTX,EXTOLLING,1
EGINORTTX,EXTORTING,1
EINOORTTX,EXTORTION,1
EEIMRTTXY,EXTREMITY,1
ACEFINNSS,FANCINESS,1
AEFGHINRT,FATHERING,1
AFGHIMNOT,FATHOMING,1
AEFGINNTT,FATTENING,1
EEFLNRTVY,FERVENTLY,1
EEFGINRST,FESTERING,1
FGHIIINNS,FINISHING,1
EFHIINSSS,FISHINESS,1
FGIILNTTY,FITTINGLY,1
EFIINSSZZ,FIZZINESS,1
ABBEFILST,FLABBIEST,1
AEFIKLNSS,FLAKINESS,1
AABEFLLMM,FLAMMABLE,1
ADEEFLNTT,FLATTENED,1
ADEEFLRTT,FLATTERED,1
CDEEFIKLR,FLICKERED,1
CFGHIILNN,FLINCHING,1
EFFFILSTU,FLUFFIEST,1
DEFLMMOUX,FLUMMOXED,1
DEEFLRSTU,FLUSTERED,1
DEEFLRTTU,FLUTTERED,1
FGILLNOOW,FOLLOWING,1
DFFFOOSTU,FOODSTUFF,1
FHILLOOSY,FOOLISHLY,1
FFLOOOOPR,FOOLPROOF,1
EFLOOOOST,FOOTLOOSE,1
FLOOOOSTT,FOOTSTOOL,1
FGGIINORV,FORGIVING,1
AFIMNOORT,FORMATION,1
ADEFMORTT,FORMATTED,1
ADDEFORRW,FORWARDED,1
AEEFIKRST,FREAKIEST,1
CEFGIKLNR,FRECKLING,1
EEEEFHLRW,FREEWHEEL,1
CEEFNQRUY,FREQUENCY,1
DEEEFHNRS,FRESHENED,1
EEFHNRSSS,FRESHNESS,1
EFINNNSSU,FUNNINESS,1
FILORSUUY,FURIOUSLY,1
EFINRRSSU,FURRINESS,1
FGINORRUW,FURROWING,1
EFINSSSSU,FUSSINESS,1
EFINSSUZZ,FUZZINESS,1
AAGLLLNTY,GALLANTLY,1
EGGGIILST,GIGGLIEST,1
EEFGLLLUY,GLEEFULLY,1
DEEGILRTT,GLITTERED,1
EGIILSTTZ,GLITZIEST,1
EGILOSSST,GLOSSIEST,1
GGILLNOWY,GLOWINGLY,1
AGGILNPPR,GRAPPLING,1
AEGIRSSST,GRASSIEST,1
EEEGNNRSS,GREENNESS,1
EGIIRSTTT,GRITTIEST,1
EGGGIORST,GROGGIEST,1
EGNORSSSS,GROSSNESS,1
BGGILMNRU,GRUMBLING,1
EGIMPRSTU,GRUMPIEST,1
AFFGGINUW,GUFFAWING,1
AGHILLNOW,HALLOWING,1
AEGHIMMNR,HAMMERING,1
AEGHIMNPR,HAMPERING,1
AADDHNNST,HANDSTAND,1
AAADHHPRZ,HAPHAZARD,1
AEGHINNPP,HAPPENING,1
AEHINPPSS,HAPPINESS,1
AFHLLMRUY,HARMFULLY,1
AGHINORRW,HARROWING,1
AADGHINRZ,HAZARDING,1
AADHORSUZ,HAZARDOUS,1
EFHLLLPUY,HELPFULLY,1
GGHHHIILT,HIGHLIGHT,1
ACGHIIJKN,HIJACKING,1
BHIILLLLY,HILLBILLY,1
DEGHIINNR,HINDERING,1
EGHILLNOR,HOLLERING,1
GHILLNOOW,HOLLOWING,1
EFHLLOPUY,HOPEFULLY,1
DEHILRRUY,HURRIEDLY,1
CIIILLLTY,ILLICITLY,1
AGGIIIMNN,IMAGINING,1
AGIIIMNTT,IMITATING,1
ACGIIMNPT,IMPACTING,1
DGIILMNOP,IMPLODING,1
GIILMNOPR,IMPLORING,1
GIIMNOPRT,IMPORTING,1
GIIMNOPRV,IMPROVING,1
CGIINNRRU,INCURRING,1
CDGIIINNT,INDICTING,1
CEFGIINNT,INFECTING,1
CEFIINNOT,INFECTION,1
AFIILNNOT,INFLATION,1
CDEFIILNT,INFLICTED,1
BDEHIIINT,INHIBITED,1
AIIILLNTY,INITIALLY,1
CEGIIJNNT,INJECTING,1
CEIIJNNOT,INJECTION,1
CEIIJNSTU,INJUSTICE,1
GIINNPTTU,INPUTTING,1
GIIINNQRU,INQUIRING,1
GIIINNPRS,INSPIRING,1
EIINNNOTT,INTENTION,1
IIINNOTTU,INTUITION,1
EGIINNNTV,INVENTING,1
EEIINNTVV,INVENTIVE,1
EGIINNSTV,INVESTING,1
BEIIILNSV,INVISIBLE,1
BIIILNSVY,INVISIBLY,1
GIILNNOVV,INVOLVING,1
ABBEGIJNR,JABBERING,1
EFHIJLLSY,JELLYFISH,1
CEGIJKNOY,JOCKEYING,1
CDIIJOSUU,JUDICIOUS,1
CEIIJNSSU,JUICINESS,1
EIJMNPSSU,JUMPINESS,1
DEFIIJSTU,JUSTIFIED,1
AEJOPSTUX,JUXTAPOSE,1
GIKLNNOWY,KNOWINGLY,1
AAELLLRTY,LATERALLY,1
ACGHILNNU,LAUNCHING,1
EGGIILNNR,LINGERING,1
DIIILQTUY,LIQUIDITY,1
GIILNOQRU,LIQUORING,1
AEILLLRTY,LITERALLY,1
AEIKKLLOO,LOOKALIKE,1
BEGILMNRU,LUMBERING,1
FLLLSTUUY,LUSTFULLY,1
ILORSUUUX,LUXURIOUS,1
AACGILLMY,MAGICALLY,1
AADEHLMNN,MANHANDLE,1
AADGIMNRU,MARAUDING,1
AEGIKMNRT,MARKETING,1
AEGIMNRTT,MATTERING,1
EGILLMNOW,MELLOWING,1
EEIMNSSSS,MESSINESS,1
AEEIMNNZZ,MEZZANINE,1
CGIIIKMMN,MIMICKING,1
GGIIIMNSV,MISGIVING,1
DDEGIJMSU,MISJUDGED,1
AGIIKMNST,MISTAKING,1
ADEGIIMTT,MITIGATED,1
DFGIIMNOY,MODIFYING,1
EGIKMNNOY,MONKEYING,1
EGHIMNORT,MOTHERING,1
ADEIMOTTV,MOTIVATED,1
DEFIIMMMU,MUMMIFIED,1
EIKMNRSSU,MURKINESS,1
GIMMNRRUU,MURMURING,1
ACILLMSUY,MUSICALLY,1
EGIMNRSTU,MUSTERING,1
EIMNSSSTU,MUSTINESS,1
EGIMNRTTU,MUTTERING,1
BEGIMNNRU,NUMBERING,1
BCEFIJOTY,OBJECTIFY,1
BCEGIJNOT,OBJECTING,1
BCEIJNOOT,OBJECTION,1
BCEEIJOTV,OBJECTIVE,1
BINOOOSUX,OBNOXIOUS,1
BILOOSUVY,OBVIOUSLY,1
ACCCNOPUY,OCCUPANCY,1
AEINOOPRT,OPERATION,1
BGINOOTUX,OUTBOXING,1
DEFIOTTTU,OUTFITTED,1
GINOOTTUV,OUTVOTING,1
EGNOORRVW,OVERGROWN,1
ADEEHORRV,OVERHEARD,1
DEEJOORVY,OVERJOYED,1
EEOOPRRVW,OVERPOWER,1
EHOORRTVW,OVERTHROW,1
AFILLNPUY,PAINFULLY,1
AAABELLPT,PALATABLE,1
ADEGINNPR,PANDERING,1
ACGIIKNNP,PANICKING,1
AAAIPPRZZ,PAPARAZZI,1
AAAGHPPRR,PARAGRAPH,1
AAGIKNPRT,PARTAKING,1
ACEHIPSTT,PATCHIEST,1
EEGINPPPR,PEPPERING,1
CDEEEIPRV,PERCEIVED,1
CDEEEFPRT,PERFECTED,1
DEEELPPRX,PERPLEXED,1
DEEEPRRTV,PERVERTED,1
EEGINPRST,PESTERING,1
CEGIIKNPT,PICKETING,1
CEIIKNPSS,PICKINESS,1
EFGIILNPR,PILFERING,1
AFLLLPUYY,PLAYFULLY,1
CEIKLPSTU,PLUCKIEST,1
CEGIKNOPT,POCKETING,1
GILLNOPTU,POLLUTING,1
ILLNOOPTU,POLLUTION,1
DEGINNOPR,PONDERING,1
CCKOOPPPY,POPPYCOCK,1
DEEOPSSSS,POSSESSED,1
EELOPRSSW,POWERLESS,1
DEEEFPRRR,PREFERRED,1
DDEEGJPRU,PREJUDGED,1
CDEEIJPRU,PREJUDICE,1
DDEEENPRT,PRETENDED,1
EEIPRSTTT,PRETTIEST,1
DEEENPRTV,PREVENTED,1
DEEEIPRVW,PREVIEWED,1
CEIIKLPRR,PRICKLIER,1
CGIIKLNPR,PRICKLING,1
ABINOOPRT,PROBATION,1
CGINOPRRU,PROCURING,1
FGIILNOPR,PROFILING,1
FGIINOPRT,PROFITING,1
CDEEJOPRT,PROJECTED,1
CEJOOPRRT,PROJECTOR,1
GIMNOOPRT,PROMOTING,1
IMNOOOPRT,PROMOTION,1
CDEEOPRTT,PROTECTED,1
DGIINOPRV,PROVIDING,1
IINOOPRSV,PROVISION,1
GIKNOOPRV,PROVOKING,1
IIMOPRTXY,PROXIMITY,1
CEGIKNPRU,PUCKERING,1
EFFINPSSU,PUFFINESS,1
EEILPRUVZ,PULVERIZE,1
CEHINPSTU,PUNCHIEST,1
FGIINPRUY,PURIFYING,1
EHINPSSSU,PUSHINESS,1
ADEFIILQU,QUALIFIED,1
ADEEQRRTU,QUARTERED,1
AELQRRTUY,QUARTERLY,1
AEGINQRUV,QUAVERING,1
CEGHINNQU,QUENCHING,1
BBGIILNQU,QUIBBLING,1
CEIKNQSSU,QUICKNESS,1
ACDIKNQSU,QUICKSAND,1
EIIKQRSTU,QUIRKIEST,1
ACIILQUZZ,QUIZZICAL,1
AINOOQTTU,QUOTATION,1
AGHIINRSV,RAVISHING,1
BEEGILLNR,REBELLING,1
BEGIKNOOR,REBOOKING,1
BEGINOORT,REBOOTING,1
CEEGIINRV,RECEIVING,1
ACEEGHRRR,RECHARGER,1
CEGIILNOR,RECOILING,1
CEGINRRRU,RECURRING,1
DEEEGIMNR,REDEEMING,1
DDEEERRSS,REDRESSED,1
EEFGINRRR,REFERRING,1
CDEEEFLRT,REFLECTED,1
EFGIMNORR,REFORMING,1
DEEEFHRRS,REFRESHED,1
AEEGHINRT,REHEATING,1
CEEGIJNRT,REJECTING,1
CEGIIJNOR,REJOICING,1
EGIIJNNOR,REJOINING,1
AEGIIMNNR,REMAINING,1
AEGIKMNRR,REMARKING,1
DEGIIMNNR,REMINDING,1
DEEGINNRR,RENDERING,1
AEEGILNPR,REPEALING,1
EEGILLNPR,REPELLING,1
DEEEQRSTU,REQUESTED,1
ACDEERRTT,RETRACTED,1
EGINNRRTU,RETURNING,1
AEGIMNPRV,REVAMPING,1
AEEGILNRV,REVEALING,1
EEGINRRTV,REVERTING,1
EEGIINRVW,REVIEWING,1
EGILNORTV,REVOLTING,1
EGILNORVV,REVOLVING,1
DEGIINNRW,REWINDING,1
EGIKNORRW,REWORKING,1
EGIINRRTW,REWRITING,1
EIIKNRSSS,RISKINESS,1
CEIKNORSS,ROCKINESS,1
AEINSSSSS,SASSINESS,1
ACDEEMPRS,SCAMPERED,1
CGHILNOOS,SCHOOLING,1
CCGHINORS,SCORCHING,1
ABCDELMRS,SCRAMBLED,1
ACGILNRSW,SCRAWLING,1
ACEGIMNRS,SCREAMING,1
BBCDEILRS,SCRIBBLED,1
CGIINPRST,SCRIPTING,1
CGILLNORS,SCROLLING,1
BBCGINRSU,SCRUBBING,1
CFFILRSUY,SCRUFFILY,1
CFFGILNSU,SCUFFLING,1
CGINRRSUY,SCURRYING,1
EEGILMNSY,SEEMINGLY,1
CEEGILNST,SELECTING,1
EEELNSSSS,SENSELESS,1
ABBEHISST,SHABBIEST,1
ADGHINOSW,SHADOWING,1
AEHIKNSSS,SHAKINESS,1
ABGHILMNS,SHAMBLING,1
AEEHLMSSS,SHAMELESS,1
AEHNPRSSS,SHARPNESS,1
DEEEHLRST,SHELTERED,1
GHIIMMNSY,SHIMMYING,1
EHIINNSSS,SHININESS,1
EGHIINRSV,SHIVERING,1
DDEHIOSST,SHODDIEST,1
EHNORSSST,SHORTNESS,1
EHINOSSSW,SHOWINESS,1
DDEGHINRS,SHREDDING,1
GHIIKNNRS,SHRINKING,1
BBEHRRSUY,SHRUBBERY,1
GGGHINRSU,SHRUGGING,1
DDDEEHRSU,SHUDDERED,1
FFGHILNSU,SHUFFLING,1
EIILLNSSS,SILLINESS,1
EEELLPSSS,SLEEPLESS,1
BBDEELORS,SLOBBERED,1
EILOPPSST,SLOPPIEST,1
EEKLMOSSS,SMOKELESS,1
EIKMNOSSS,SMOKINESS,1
DENNOSSSU,SOUNDNESS,1
AGIKLNPRS,SPARKLING,1
GIILNPSTT,SPLITTING,1
EIKOOPSST,SPOOKIEST,1
EIOPSSTTT,SPOTTIEST,1
AGILNPRSW,SPRAWLING,1
GGIINNPRS,SPRINGING,1
DEIKLNPRS,SPRINKLED,1
ABBDELQSU,SQUABBLED,1
AGHINQSSU,SQUASHING,1
AGINQSTTU,SQUATTING,1
AGIKNQSUW,SQUAWKING,1
AEIKLQSUY,SQUEAKILY,1
AEGIKNQSU,SQUEAKING,1
AEGILNQSU,SQUEALING,1
EEGINQSUZ,SQUEEZING,1
CDEEHLQSU,SQUELCHED,1
DEGGILQSU,SQUIGGLED,1
GIINNQSTU,SQUINTING,1
GIIMNQRSU,SQUIRMING,1
GIINQRSTU,SQUIRTING,1
EHIIQRSSU,SQUISHIER,1
GHIINQSSU,SQUISHING,1
CEIIKSSTT,STICKIEST,1
EFFINSSST,STIFFNESS,1
CEIKOSSTT,STOCKIEST,1
BKOOORSTY,STORYBOOK,1
ADDDELRST,STRADDLED,1
ADEGGLRST,STRAGGLED,1
ADGINNRST,STRANDING,1
ADEGLNRST,STRANGLED,1
GGIINNRST,STRINGING,1
GILLNORST,STROLLING,1
DEGGLRSTU,STRUGGLED,1
GIMMNRSTU,STRUMMING,1
GINRSTTTU,STRUTTING,1
EFFISSTTU,STUFFIEST,1
BGILMNSTU,STUMBLING,1
BCDEEJSTU,SUBJECTED,1
BCCDEMSUU,SUCCUMBED,1
EFFGINRSU,SUFFERING,1
CFFGIINSU,SUFFICING,1
FFGIINSUX,SUFFIXING,1
GIMMNNOSU,SUMMONING,1
EINNNSSSU,SUNNINESS,1
GINOPPSSU,SUPPOSING,1
EGINRSUVY,SURVEYING,1
ADDGILNSW,SWADDLING,1
ADEEGGRSW,SWAGGERED,1
DEEEENSTW,SWEETENED,1
DGIILNNSW,SWINDLING,1
CGHIINSTW,SWITCHING,1
EEENNSSST,TENSENESS,1
BBGHINORT,THROBBING,1
AGHINRTTW,THWARTING,1
CEGIIKNTT,TICKETING,1
EGIIKNNRT,TINKERING,1
BHLLOOOTT,TOLLBOOTH,1
EHIOOSTTT,TOOTHIEST,1
AGILMNPRT,TRAMPLING,1
BEGILMNRT,TREMBLING,1
CEIIKRSTT,TRICKIEST,1
CGIIKLNRT,TRICKLING,1
GIIKLNNTW,TWINKLING,1
CGHIINTTW,TWITCHING,1
BDEGINNNU,UNBENDING,1
BCDEKLNOU,UNBLOCKED,1
BDDENNOUU,UNBOUNDED,1
BCDEKLNUU,UNBUCKLED,1
ACDEHINNU,UNCHAINED,1
ACDEGHNNU,UNCHANGED,1
CDELNOPUU,UNCOUPLED,1
DDEFNNRUU,UNDERFUND,1
DEEIMNNRU,UNDERMINE,1
DEENNRTUW,UNDERWENT,1
DDDEIINUV,UNDIVIDED,1
AELLNQUUY,UNEQUALLY,1
DDEFNNOUU,UNFOUNDED,1
FILNNNUUY,UNFUNNILY,1
FGILNNRUU,UNFURLING,1
ADGHINNNU,UNHANDING,1
GHIKNNOOU,UNHOOKING,1
ADGILNNOU,UNLOADING,1
CGIKLNNOU,UNLOCKING,1
CIKLLNUUY,UNLUCKILY,1
AGIKMNNSU,UNMASKING,1
DELMNUUZZ,UNMUZZLED,1
ACGIKNNPU,UNPACKING,1
ADELNNNPU,UNPLANNED,1
DEGGLNPUU,UNPLUGGED,1
ADEGLNNTU,UNTANGLED,1
CGIKNNTUU,UNTUCKING,1
ALLNSUUUY,UNUSUALLY,1
ACDEHNTUW,UNWATCHED,1
GIILLNNUW,UNWILLING,1
DGIINNNUW,UNWINDING,1
GIINNTTUW,UNWITTING,1
FGIILNPTU,UPLIFTING,1
AGHIINNSV,VANISHING,1
AAIINORTV,VARIATION,1
ABGIINRTV,VIBRATING,1
CIILOSUVY,VICIOUSLY,1
FGIIILNVY,VILIFYING,1
AIILNOOTV,VIOLATION,1
ACIIOSUVV,VIVACIOUS,1
ACEIKNSSW,WACKINESS,1
AGILLNOPW,WALLOPING,1
AGILLNOWW,WALLOWING,1
AEEINRSSW,WEARINESS,1
DEEHIMPRW,WHIMPERED,1
GHIINNNWY,WHINNYING,1
DHIILNRWW,WHIRLWIND,1
DEEHIKRSW,WHISKERED,1
EGGIILSTW,WIGGLIEST,1
GIILLLNWY,WILLINGLY,1
DEIINNSSW,WINDINESS,1
EGIINNRTW,WINTERING,1
EGHIINRTW,WITHERING,1
BBEILOSTW,WOBBLIEST,1
GGGIILNRW,WRIGGLING,1
EIIKLNRRW,WRINKLIER,1
GIIKLNNRW,WRINKLING,1
ADEGGGIZZ,ZIGZAGGED,1
AABDDENNO,ABANDONED,2
ABCDINOTU,ABDUCTION,2
ACCEGINPT,ACCEPTING,2
ACCEGINSS,ACCESSING,2
ACCDGINOR,ACCORDING,2
ACCGINOST,ACCOSTING,2
ACGIINQRU,ACQUIRING,2
AACDEITTV,ACTIVATED,2
AACILTTUY,ACTUALITY,2
AAABDELPT,ADAPTABLE,2
AAABDLPTY,ADAPTABLY,2
ACDEEIJTV,ADJECTIVE,2
AADINOORT,ADORATION,2
AACDGINNV,ADVANCING,2
AAADEGNTV,ADVANTAGE,2
AACDDEOTV,ADVOCATED,2
ACEFFINOT,AFFECTION,2
AFFGIIMNR,AFFIRMING,2
ADEEGLLLY,ALLEGEDLY,2
AABELLLOW,ALLOWABLE,2
ABGIIMTUY,AMBIGUITY,2
ABGIMOSUU,AMBIGUOUS,2
ABGHIMNSU,AMBUSHING,2
AABHIIMNP,AMPHIBIAN,2
AADEMPTTU,AMPUTATED,2
AADENNOTT,ANNOTATED,2
AEGINNRSW,ANSWERING,2
AIINQTTUY,ANTIQUITY,2
AEGILOOPZ,APOLOGIZE,2
AAGILLNPP,APPALLING,2
AAEGINPPR,APPEARING,2
AAEGINPPS,APPEASING,2
AACEILNPP,APPLIANCE,2
ACGHIINRV,ARCHIVING,2
AGIINSSST,ASSISTING,2
AAGIINNTT,ATTAINING,2
AADENNTTT,ATTENDANT,2
AHIORTTUY,AUTHORITY,2
AACIMOTTU,AUTOMATIC,2
AAIILRUXY,AUXILIARY,2
AABDEILOV,AVOIDABLE,2
AAEGIKNNW,AWAKENING,2
AABCCEKPS,BACKSPACE,2
AABCEGKST,BACKSTAGE,2
AABCGILNN,BALANCING,2
ABGILLNOT,BALLOTING,2
ABBELMOOZ,BAMBOOZLE,2
ABGHIINNS,BANISHING,2
ABEGINRRT,BARTERING,2
ABEFGILLN,BEFALLING,2
BCDEEEEHS,BESEECHED,2
BEEGINSTT,BESETTING,2
BGIILOOST,BIOLOGIST,2
BCEGIINST,BISECTING,2
AABBCKLLL,BLACKBALL,2
ABBCDIKLR,BLACKBIRD,2
ABCDEEKLN,BLACKENED,2
AABCIKLLM,BLACKMAIL,2
ABCEKLNSS,BLACKNESS,2
ABDELNNSS,BLANDNESS,2
ABDEEKLNT,BLANKETED,2
ABEEKLNSS,BLEAKNESS,2
BDEILNNSS,BLINDNESS,2
BCEIKLOST,BLOCKIEST,2
ABBDHLOOT,BLOODBATH,2
BDHLOOOST,BLOODSHOT,2
BDDEELNRU,BLUNDERED,2
BELNNSSTU,BLUNTNESS,2
BDEGINORR,BORDERING,2
BEGHINORT,BOTHERING,2
ABEGHINRT,BREATHING,2
BGIILNRST,BRISTLING,2
BEHLORRTY,BROTHERLY,2
BDEGGINTU,BUDGETING,2
BFGHILLTU,BULLFIGHT,2
BGILNNRUY,BURNINGLY,2
ACLLLOSUY,CALLOUSLY,2
AAACEMMNR,CAMERAMAN,2
ACDEINOPT,CAPTIONED,2
ACIIPTTVY,CAPTIVITY,2
ACGINPRTU,CAPTURING,2
AABCDDORR,CARDBOARD,2
AACCDEJKR,CARJACKED,2
AACCDGINS,CASCADING,2
ACEEELSSS,CEASELESS,2
CEEGIMNNT,CEMENTING,2
ACEEGHLLN,CHALLENGE,2
ACDEEEHNP,CHEAPENED,2
ACEEHNPSS,CHEAPNESS,2
CEEEHIKST,CHEEKIEST,2
CEEEHISST,CHEESIEST,2
CEHIILLST,CHILLIEST,2
ACCEHLOOT,CHOCOLATE,2
CEHIOOSST,CHOOSIEST,2
CGHILNORT,CHORTLING,2
CEHIKNSTU,CHUNKIEST,2
ACEILSSST,CLASSIEST,2
CCEGHILNN,CLENCHING,2
ACKLMOOOR,CLOAKROOM,2
BBCDEELOR,CLOBBERED,2
CEELNOSSS,CLOSENESS,2
CEILMPSTU,CLUMPIEST,2
CEIKLNSTU,CLUNKIEST,2
CCEIKNOSS,COCKINESS,2
ACCCHKOOR,COCKROACH,2
ABCEIMOTV,COMBATIVE,2
CDEFMOORT,COMFORTED,2
ACCILLMOY,COMICALLY,2
CDDEEMMNO,COMMENDED,2
CIMMNNOOU,COMMUNION,2
ACCLMOPTY,COMPACTLY,2
ACIMNNOOP,COMPANION,2
CCIILMOPT,COMPLICIT,2
CDEIMOPRS,COMPRISED,2
CCDEEINOV,CONCEIVED,2
CCCDENOOT,CONCOCTED,2
CDEEFNORR,CONFERRED,2
CDEFMNOOR,CONFORMED,2
CFINNOOSU,CONFUSION,2
CDEENOQRU,CONQUERED,2
CDDEENNOT,CONTENDED,2
CDEENNOTT,CONTENTED,2
CDEENOSTT,CONTESTED,2
CEGINNNOV,CONVENING,2
CDEENORTV,CONVERTED,2
CILOOPSUY,COPIOUSLY,2
ACDILLORY,CORDIALLY,2
CEGINNORR,CORNERING,2
CINOOORRS,CORROSION,2
ACEIKNRST,CRANKIEST,2
ACEINRSSZ,CRAZINESS,2
CEEEIPRST,CREEPIEST,2
CCEEIKRRT,CRICKETER,2
BCEILMRRU,CRUMBLIER,2
CCEHINRRU,CRUNCHIER,2
ADEGIMNNP,DAMPENING,2
ADEEFGINN,DEAFENING,2
AABBDELTY,DEBATABLY,2
CDDDEEILY,DECIDEDLY,2
CDEEMOOPS,DECOMPOSE,2
ACDDDEEIT,DEDICATED,2
DEEFGINRR,DEFERRING,2
ADDDEEFRU,DEFRAUDED,2
CDEEIJNOT,DEJECTION,2
DDEEEILRV,DELIVERED,2
ADEEGIMNN,DEMEANING,2
DEGILNOPR,DEPLORING,2
ADEIPRTVY,DEPRAVITY,2
DEGIINPRV,DEPRIVING,2
BCDDEEIRS,DESCRIBED,2
ACDEGHINT,DETACHING,2
ADEGIILNT,DETAILING,2
ADEGIINNT,DETAINING,2
DEEGINSTT,DETESTING,2
ADDEENOTT,DETONATED,2
ADEGILNUV,DEVALUING,2
DDEEELOPV,DEVELOPED,2
ADEIINOTV,DEVIATION,2
DEGINORUV,DEVOURING,2
DEEIRTTXY,DEXTERITY,2
DEFFGIINR,DIFFERING,2
DEGGIINST,DIGESTING,2
DEEGIISTV,DIGESTIVE,2
ADGIILLTY,DIGITALLY,2
ABDGIILNS,DISABLING,2
CDEIORSVY,DISCOVERY,2
DDEGIISSU,DISGUISED,2
DDEIIJNOS,DISJOINED,2
DDEIIMSSS,DISMISSED,2
DEFIIRSVY,DIVERSIFY,2
DEIIRSTVY,DIVERSITY,2
DEGIINSTV,DIVESTING,2
DDDEGINOR,DODDERING,2
CDEGHINNR,DRENCHING,2
BDILOSUUY,DUBIOUSLY,2
CEEELNOQU,ELOQUENCE,2
ABEGILMMN,EMBALMING,2
BDDEEGIMN,EMBEDDING,2
BEEHILLMS,EMBELLISH,2
BDEGIMNOY,EMBODYING,2
CEEEGMNRY,EMERGENCY,2
EGILMNOPY,EMPLOYING,2
ACDEEHNNT,ENCHANTED,2
DEELLNSSY,ENDLESSLY,2
AEGIILNNT,ENTAILING,2
EEEIQTTTU,ETIQUETTE,2
AACDEETUV,EVACUATED,2
EILNOOTUV,EVOLUTION,2
ACEENSSTX,EXACTNESS,2
ABCEEILTX,EXCITABLE,2
ABCEILTXY,EXCITABLY,2
CEINORSUX,EXCURSION,2
CEEINOTUX,EXECUTION,2
EEFILMPXY,EXEMPLIFY,2
EEGIMNPTX,EXEMPTING,2
AEINNOPSX,EXPANSION,2
DDEEEIPTX,EXPEDITED,2
DEEILOPTX,EXPLOITED,2
EILNOPSUX,EXPULSION,2
EEINNOSTX,EXTENSION,2
ACDEERTTX,EXTRACTED,2
EEELMRTXY,EXTREMELY,2
EEORRTTVX,EXTROVERT,2
ACFGINORT,FACTORING,2
AEFGINNST,FASTENING,2
AEFLLSSTU,FAULTLESS,2
AEFFLLRUY,FEARFULLY,2
EEFGINRRT,FERRETING,2
EFIISTTVY,FESTIVITY,2
DEFGGIINT,FIDGETING,2
EFIILMSST,FLIMSIEST,2
EFGIMNNOT,FOMENTING,2
EFFNOORRT,FOREFRONT,2
EFFGLORTU,FORGETFUL,2
EFGNOORTT,FORGOTTEN,2
AFILMORTY,FORMALITY,2
AEFIMORTV,FORMATIVE,2
ACDEFRRTU,FRACTURED,2
AFGIILRTY,FRAGILITY,2
DEFFILLLU,FULFILLED,2
AGGILLNOP,GALLOPING,2
AEEGLLNRY,GENERALLY,2
AEGILSSST,GLASSIEST,2
DEEGILMMR,GLIMMERED,2
EGILMOOST,GLOOMIEST,2
EFGINOOSS,GOOFINESS,2
AADGLLRUY,GRADUALLY,2
AEEGIRSST,GREASIEST,2
EGIOORSTV,GROOVIEST,2
EGIILSTTU,GUILTIEST,2
AABBEHILT,HABITABLE,2
ABEGHMRRU,HAMBURGER,2
ADEHINNSS,HANDINESS,2
AADEHHKNS,HANDSHAKE,2
AAGHINRSS,HARASSING,2
AEHHNRSSS,HARSHNESS,2
AEHINSSST,HASTINESS,2
AABDDEHOR,HEADBOARD,2
AEHHILLTY,HEALTHILY,2
EHHILLLSY,HELLISHLY,2
AEEHKMMOR,HOMEMAKER,2
EHHMNOOOP,HOMOPHONE,2
CCHHOOPST,HOPSCOTCH,2
EEHHOORSS,HORSESHOE,2
EEFHIOSUW,HOUSEWIFE,2
ABCCHHKNU,HUNCHBACK,2
EGHIKNNRU,HUNKERING,2
AEGILLLLY,ILLEGALLY,2
BEEGIILLL,ILLEGIBLE,2
ABEILMMOV,IMMOVABLE,2
AGIIMNPRT,IMPARTING,2
DEGIIMNNP,IMPENDING,2
ADEILMNPT,IMPLANTED,2
IILMNOOPS,IMPLOSION,2
EIILMPSUV,IMPULSIVE,2
CEIINNOPT,INCEPTION,2
CDGIILNNU,INCLUDING,2
DEIIMNNTY,INDEMNITY,2
ACDDEIINT,INDICATED,2
EFGIINNST,INFESTING,2
AFGIILNNT,INFLATING,2
FGIIMNNOR,INFORMING,2
EGIINNTUY,INGENUITY,2
EGGIINNST,INGESTING,2
EEIINRTVW,INTERVIEW,2
ADDEINNTU,INUNDATED,2
EIINNNOTV,INVENTION,2
EGIINNRTV,INVERTING,2
CGIIINNOV,INVOICING,2
AAAABJLMY,JAMBALAYA,2
AAEJKLRWY,JAYWALKER,2
BEGIJRTTU,JITTERBUG,2
DGIIJNORY,JOYRIDING,2
DEEGJMNTU,JUDGEMENT,2
ACDIIJRUY,JUDICIARY,2
ADDEIKNPP,KIDNAPPED,2
EIKKNOOSS,KOOKINESS,2
AABEGHLLU,LAUGHABLE,2
AABGHLLUY,LAUGHABLY,2
EGHIILLMT,LIMELIGHT,2
ACGILLLOY,LOGICALLY,2
EGIILNORT,LOITERING,2
AABEELLLM,MALLEABLE,2
AAGMMMMOR,MAMMOGRAM,2
AEIMNNNQU,MANNEQUIN,2
AAILLMMXY,MAXIMALLY,2
ABEELMMOR,MEMORABLE,2
EGIMNNORT,MENTORING,2
EGHIIMSTT,MIGHTIEST,2
AGGIIMNRT,MIGRATING,2
DFILLMNUY,MINDFULLY,2
GIIMNORRR,MIRRORING,2
FGIIIMNRS,MISFIRING,2
CGIKLMNOY,MOCKINGLY,2
DEFIILLMO,MOLLIFIED,2
EGLMNOOOU,MONOLOGUE,2
GIIMNNOOT,MOTIONING,2
AIMOORTTV,MOTIVATOR,2
EHIMOSTTU,MOUTHIEST,2
AHHMOSTUW,MOUTHWASH,2
DDEIMNSSU,MUDDINESS,2
ADEILMTTU,MUTILATED,2
GHLMOOTYY,MYTHOLOGY,2
AGINNORRW,NARROWING,2
AALLNRTUY,NATURALLY,2
BIILOOSUV,OBLIVIOUS,2
BEEIOSSSV,OBSESSIVE,2
CCGINOPUY,OCCUPYING,2
EFIORTTTU,OUTFITTER,2
FGHOOTTUU,OUTFOUGHT,2
FGINOOTUX,OUTFOXING,2
AGILNOTUW,OUTLAWING,2
ACGINOPTU,OUTPACING,2
ADELOPTUY,OUTPLAYED,2
ACGINORTU,OUTRACING,2
DEIOTTTUW,OUTWITTED,2
BELNOORVW,OVERBLOWN,2
ADENORRVW,OVERDRAWN,2
DEEIORRVV,OVERDRIVE,2
ACEEHORRV,OVERREACH,2
DEENOPRSV,OVERSPEND,2
AEEKNORTV,OVERTAKEN,2
AILNOOTUV,OVULATION,2
ADIINOOTX,OXIDATION,2
ACFGIINPY,PACIFYING,2
AACGGIKNP,PACKAGING,2
AAABLLPTY,PALATABLY,2
AEELPPRSS,PAPERLESS,2
AEKOPPRRW,PAPERWORK,2
AEILPSSVY,PASSIVELY,2
AEINOPRTZ,PATRONIZE,2
EEILNNPSS,PENNILESS,2
EEILNPSVY,PENSIVELY,2
EGIJNPRRU,PERJURING,2
EEINPSSTT,PETTINESS,2
CHOOOPPTY,PHOTOCOPY,2
HHOOOPPST,PHOTOSHOP,2
CCDEIIKNP,PICNICKED,2
CGIINPRTU,PICTURING,2
GGHIILPSY,PIGGISHLY,2
ABCGGIKPY,PIGGYBACK,2
AACGILNPT,PLACATING,2
DEELMMPTU,PLUMMETED,2
DDEELNPRU,PLUNDERED,2
GHIILNOPS,POLISHING,2
ACEGHINPR,PREACHING,2
ACEFGINPR,PREFACING,2
EGIMNPRSU,PRESUMING,2
DEEENPRRT,PRETENDER,2
ADEEILPRV,PREVAILED,2
CEIINPRSS,PRICINESS,2
AIILMPRRY,PRIMARILY,2
EIIIMPRTV,PRIMITIVE,2
CDGINOPRU,PRODUCING,2
DEEFOPRSS,PROFESSED,2
GIIMNOPRS,PROMISING,2
GINOOPPRS,PROPOSING,2
BCHLNOPUW,PUNCHBOWL,2
GHIINNPSU,PUNISHING,2
EEEPPPRTU,PUPPETEER,2
AABCEEHLR,REACHABLE,2
ADEERRSSU,REASSURED,2
ACEGINPPR,RECAPPING,2
ACDEEGHRR,RECHARGED,2
CEGINOPRU,RECOUPING,2
CDEEEORRV,RECOVERED,2
CEEEEFNRR,REFERENCE,2
EFGIINRTT,REFITTING,2
ACDEEFRRT,REFRACTED,2
AEGGIINNR,REGAINING,2
DEEEGRRSS,REGRESSED,2
DEEEGRRTT,REGRETTED,2
DEEGOPRRU,REGROUPED,2
AEGLLRRUY,REGULARLY,2
ADEEGLRTU,REGULATED,2
CEEIJNORT,REJECTION,2
EEGILNNRT,RELENTING,2
ADEEIMRRR,REMARRIED,2
ABEELMORV,REMOVABLE,2
ABEEELNRW,RENEWABLE,2
AEGIINPRR,REPAIRING,2
ACEGILNPR,REPLACING,2
ADEELNPRT,REPLANTED,2
EGILNPRSU,REPULSING,2
ABEELPRTU,REPUTABLE,2
EGIINQRRU,REQUIRING,2
EEGILLNRS,RESELLING,2
BDEEELMRS,RESEMBLED,2
AEGIILNRT,RETAILING,2
AEGIINNRT,RETAINING,2
EEGILLNRT,RETELLING,2
EGILNOORT,RETOOLING,2
EEEIRRRTV,RETRIEVER,2
DEGINORRW,REWORDING,2
CDDEIILRU,RIDICULED,2
CEGIKNORT,ROCKETING,2
EINRSSSTU,RUSTINESS,2
AAGGILNSV,SALVAGING,2
ADEINNSSS,SANDINESS,2
ACDEERSTT,SCATTERED,2
BCHLOOOSY,SCHOOLBOY,2
CEFFIRRSU,SCRUFFIER,2
EFHILLSSY,SELFISHLY,2
CDEEENQSU,SEQUENCED,2
EILORSSUY,SERIOUSLY,2
ADEHINSSS,SHADINESS,2
EHILRSSST,SHIRTLESS,2
EGHIIKNRS,SHRIEKING,2
DEEHRSTTU,SHUTTERED,2
CEGIIKNNS,SICKENING,2
AIILLMRSY,SIMILARLY,2
GHIINNOPS,SIPHONING,2
DEEIKPPRS,SKIPPERED,2
DGIIKNSVY,SKYDIVING,2
EEEILPSST,SLEEPIEST,2
CGHILNOSU,SLOUCHING,2
BDEELMRSU,SLUMBERED,2
CGHIMNOOS,SMOOCHING,2
GGGILMNSU,SMUGGLING,2
FFGIILNNS,SNIFFLING,2
EGGINOSSS,SOGGINESS,2
DEGILNORS,SOLDERING,2
EINORRSSS,SORRINESS,2
FLLLOSUUY,SOULFULLY,2
AAEEKPSSY,SPEAKEASY,2
ACEILLPSY,SPECIALLY,2
CDEEFIIPS,SPECIFIED,2
DEEEIPSST,SPEEDIEST,2
AGHILNPSS,SPLASHING,2
GGILNPRSU,SPLURGING,2
EIKLNPRRS,SPRINKLER,2
GIINPRSTZ,SPRITZING,2
AEEIKQRSU,SQUEAKIER,2
ADEEMMRST,STAMMERED,2
ADDEEMPST,STAMPEDED,2
AEESTTTTU,STATUETTE,2
EEENPSSST,STEEPNESS,2
EIMORSSTT,STORMIEST,2
ENOSSSTTU,STOUTNESS,2
AEGGLRRST,STRAGGLER,2
AGIINNRST,STRAINING,2
AEGLNRRST,STRANGLER,2
AEGIKNRST,STREAKING,2
CDEEHRSTT,STRETCHED,2
GIINPPRST,STRIPPING,2
AGMNNORST,STRONGMAN,2
BBEISSTTU,STUBBIEST,2
DIIPSTTUY,STUPIDITY,2
DEERSTTTU,STUTTERED,2
EGIMMNRSU,SUMMERING,2
GILNPPSUY,SUPPLYING,2
ADELLOSWW,SWALLOWED,2
EFINSSSTW,SWIFTNESS,2
DEEILLSVW,SWIVELLED,2
DFHIORSSW,SWORDFISH,2
CHNNORSYY,SYNCHRONY,2
AEGIMNPRT,TAMPERING,2
AEINSSSTT,TASTINESS,2
EEGIMNPRT,TEMPERING,2
AELLTTUXY,TEXTUALLY,2
AEHKLNSST,THANKLESS,2
AGHHINRST,THRASHING,2
EFHIIRRTT,THRIFTIER,2
GHIILLNRT,THRILLING,2
DEHLORTTT,THROTTLED,2
DDEEHNRTU,THUNDERED,2
AEIOSSTTT,TOASTIEST,2
ADEELLRTV,TRAVELLED,2
DEEGGIRRT,TRIGGERED,2
EIIKLNRTW,TWINKLIER,2
ADEILNPPU,UNAPPLIED,2
ACGINNPPU,UNCAPPING,2
ACDEHNRTU,UNCHARTED,2
CCDEEHKNU,UNCHECKED,2
ACDELMNPU,UNCLAMPED,2
CDEILNPPU,UNCLIPPED,2
CDEGGLNOU,UNCLOGGED,2
ADDENNTUU,UNDAUNTED,2
DDEEFINNU,UNDEFINED,2
ADEENRRUW,UNDERWEAR,2
AFGIILNNU,UNFAILING,2
AHILNPPUY,UNHAPPILY,2
EFHLLNPUU,UNHELPFUL,2
DEHINRRUU,UNHURRIED,2
DEIJNNRUU,UNINJURED,2
DEIINNTUV,UNINVITED,2
GIKNNNOUW,UNKNOWING,2
ACDEHLNTU,UNLATCHED,2
DEIILMNTU,UNLIMITED,2
ABELLNOUV,UNLOVABLE,2
ACDEHMNTU,UNMATCHED,2
AALNNRTUU,UNNATURAL,2
EGINNNRUV,UNNERVING,2
GIINNNNPU,UNPINNING,2
DEFFLNRUU,UNRUFFLED,2
CDEENRSUW,UNSCREWED,2
AEGINNSTU,UNSEATING,2
DEIKLLNSU,UNSKILLED,2
CDEHNOTUU,UNTOUCHED,2
ADENPPRUW,UNWRAPPED,2
AEGHINPUV,UPHEAVING,2
DGHILNOPU,UPHOLDING,2
EGINPSTTU,UPSETTING,2
EELLSSSUY,USELESSLY,2
ACLOSUUVY,VACUOUSLY,2
ACGIMNUUV,VACUUMING,2
AEEGNSSUV,VAGUENESS,2
AADILMNSV,VANDALISM,2
ABEEEGLTV,VEGETABLE,2
ABEEELNRV,VENERABLE,2
ACEEEGNNV,VENGEANCE,2
EFGIINRVY,VERIFYING,2
ABIIILTVY,VIABILITY,2
ABIINORTV,VIBRATION,2
AGIILNOTV,VIOLATING,2
CIIOSSTVY,VISCOSITY,2
AAELLPPRW,WALLPAPER,2
AABHINSSW,WASHBASIN,2
AAEFLLRTW,WATERFALL,2
AADLRWWYY,WAYWARDLY,2
AEEGIKNNW,WEAKENING,2
EEEINPSSW,WEEPINESS,2
CEGILMNOW,WELCOMING,2
DEEHIPRSW,WHISPERED,2
EGHIINNTW,WHITENING,2
GHIILNTTW,WHITTLING,2
EEHLMOOSW,WHOLESOME,2
GIINNNOWW,WINNOWING,2
FILLSTUWY,WISTFULLY,2
CIIIMSTTW,WITTICISM,2
EIINSSTTW,WITTINESS,2
CCDHKOOUW,WOODCHUCK,2
AGGILNNRW,WRANGLING,2
CEGHINNRW,WRENCHING,2
EGILNRSTW,WRESTLING,2
AELLOSUYZ,ZEALOUSLY,2
AABCDDEIT,ABDICATED,3
ABDEHILOS,ABOLISHED,3
ACCEGINNT,ACCENTING,3
AABCCIORT,ACROBATIC,3
ADDEJNORU,ADJOURNED,3
AABDEILSV,ADVISABLE,3
AADFFIITV,AFFIDAVIT,3
ADEFFNORT,AFFRONTED,3
AAEEILLTV,ALLEVIATE,3
AEFLNOOSS,ALOOFNESS,3
AGIMNNOTU,AMOUNTING,3
AGILMNSUY,AMUSINGLY,3
ACGHINNOR,ANCHORING,3
ACDENNNOU,ANNOUNCED,3
AILNOSUXY,ANXIOUSLY,3
AADEEGNPP,APPENDAGE,3
ADEGINNPP,APPENDING,3
AADDELPPU,APPLAUDED,3
ADEINOPPT,APPOINTED,3
AAAILPPRS,APPRAISAL,3
AAELLSUXY,ASEXUALLY,3
AAAGPRSSU,ASPARAGUS,3
AAGIILNSS,ASSAILING,3
AAGGINSSU,ASSUAGING,3
AACDIOSUU,AUDACIOUS,3
AADEMOTTU,AUTOMATED,3
AAEENRSSW,AWARENESS,3
AACIIMOTX,AXIOMATIC,3
ABCDEFIKR,BACKFIRED,3
AABCEKRTW,BACKWATER,3
AAABBINRR,BARBARIAN,3
AABBIMRRS,BARBARISM,3
AABBORRSU,BARBAROUS,3
AABCILLSY,BASICALLY,3
ABEFILTUU,BEAUTIFUL,3
BEEEEEKPR,BEEKEEPER,3
BEGGIINNN,BEGINNING,3
BEGGIILNU,BEGUILING,3
ABDEELLTY,BELATEDLY,3
ABGHIOPRY,BIOGRAPHY,3
ABBBDEELR,BLABBERED,3
ABDEEHLRT,BLATHERED,3
BDDFILLNO,BLINDFOLD,3
BDEEILRST,BLISTERED,3
BDEILOOST,BLOODIEST,3
BBEELRRUY,BLUEBERRY,3
AABDKLORW,BOARDWALK,3
BHIKLOOSY,BOOKISHLY,3
ABEKKMOOR,BOOKMAKER,3
BEFHKLOOS,BOOKSHELF,3
BEKOOORST,BOOKSTORE,3
BDELNOSSU,BOUNDLESS,3
ABEILNRSS,BRAINLESS,3
AABHINRSW,BRAINWASH,3
AAABEKRWY,BREAKAWAY,3
BEEFINRSS,BRIEFNESS,3
BEGHIRSTT,BRIGHTEST,3
AABBDDNOR,BROADBAND,3
ABDENORSS,BROADNESS,3
BHKORRSUW,BRUSHWORK,3
BDELLORUZ,BULLDOZER,3
BCFHILLNU,BULLFINCH,3
BEILNRSSU,BURLINESS,3
BCEPRTTUU,BUTTERCUP,3
ABGINPSSY,BYPASSING,3
ACCDEFIIL,CALCIFIED,3
AACINNORT,CARNATION,3
ACDEEHRRT,CHARTERED,3
ACEFFHRUU,CHAUFFEUR,3
ACCEEHKMT,CHECKMATE,3
CDEEHHIRS,CHERISHED,3
AACHHHIUU,CHIHUAHUA,3
CDEHILLSS,CHILDLESS,3
CDEHIIKLL,CHILDLIKE,3
CCIIRRTUY,CIRCUITRY,3
ACCIILLVY,CIVICALLY,3
ACEILMMST,CLAMMIEST,3
ACEGILNNS,CLEANSING,3
ACCCIILMT,CLIMACTIC,3
CCEIKLOSW,CLOCKWISE,3
CDEILOSTU,CLOUDIEST,3
CDELLOSSU,CLOUDLESS,3
CDEELRSTU,CLUSTERED,3
CCFGHIKOT,COCKFIGHT,3
CCGINNOOO,COCOONING,3
CDFGIINOY,CODIFYING,3
CCDDEIINO,COINCIDED,3
CCELLOORT,COLLECTOR,3
CILLNOOSU,COLLUSION,3
CDEILOORZ,COLORIZED,3
BCDEMOSTU,COMBUSTED,3
CEFMOORRT,COMFORTER,3
ACDDEMMNO,COMMANDED,3
CIMMMNOSU,COMMUNISM,3
CIMMNOSTU,COMMUNIST,3
ACCMOOPRT,COMPACTOR,3
ACGIMNOPR,COMPARING,3
CEIMOOPST,COMPOSITE,3
CCDEGINNO,CONCEDING,3
CCDEENNOR,CONCERNED,3
CDDEEMNNO,CONDEMNED,3
CDDEENNOS,CONDENSED,3
CCDGINNOU,CONDUCING,3
CDEEFNOSS,CONFESSED,3
CDEFIMNOR,CONFIRMED,3
ACDEFLNOT,CONFLATED,3
CCDEENNOT,CONNECTED,3
CGINNNOOT,CONNOTING,3
CENOOQRRU,CONQUEROR,3
CGIMNNOSU,CONSUMING,3
ACCDENOTT,CONTACTED,3
CEINNORSS,CORNINESS,3
CCDEEORRT,CORRECTED,3
CELNOSSTU,COUNTLESS,3
AACFMNRST,CRAFTSMAN,3
CCDEFIIRU,CRUCIFIED,3
CGILNRTUU,CULTURING,3
CIIORSTUY,CURIOSITY,3
CELNRRTUY,CURRENTLY,3
AABDDORRT,DARTBOARD,3
AABDDHORS,DASHBOARD,3
AADDLRSTY,DASTARDLY,3
ADDEEGINN,DEADENING,3
CDEEEIPTV,DECEPTIVE,3
CDDEIOSUU,DECIDUOUS,3
ACDEGILNW,DECLAWING,3
CDEGIILNN,DECLINING,3
ACDDEEORT,DECORATED,3
CDDEELOPU,DECOUPLED,3
ACDDEEERS,DECREASED,3
ADEFILNTY,DEFIANTLY,3
DDEEFORST,DEFROSTED,3
ADDEGGINR,DEGRADING,3
DDEEENNPT,DEPENDENT,3
DDEEEPRSS,DEPRESSED,3
DEEGINRSV,DESERVING,3
DEEGINRRT,DETERRING,3
DDEEHNORT,DETHRONED,3
ACDIINOTT,DICTATION,3
CDFFIILTU,DIFFICULT,3
CDEIINORT,DIRECTION,3
ABDDDEINS,DISBANDED,3
CDDEISSSU,DISCUSSED,3
BDDEIMOSY,DISEMBODY,3
DDEGISSTU,DISGUSTED,3
ADIIPRSTY,DISPARITY,3
ADDDEISSU,DISSUADED,3
BDEIIILSV,DIVISIBLE,3
CDGIINORV,DIVORCING,3
DGGIILNUV,DIVULGING,3
DDEGINOSS,DODGINESS,3
DDEINOSWZ,DOWNSIZED,3
DEIIPPRST,DRIPPIEST,3
DEKLNNRUY,DRUNKENLY,3
ACDEGINTU,EDUCATING,3
AEEGILNTV,ELEVATING,3
AEEILNOTV,ELEVATION,3
ADEEGLNOT,ELONGATED,3
AEEHIMPSZ,EMPHASIZE,3
ACEEMNNTT,ENACTMENT,3
CEENNORTU,ENCOUNTER,3
ABEEJLNOY,ENJOYABLE,3
EEJMNNOTY,ENJOYMENT,3
EEIMNPQTU,EQUIPMENT,3
ABEILQTUY,EQUITABLY,3
ACEILOQUV,EQUIVOCAL,3
CEEGHINSW,ESCHEWING,3
AEEILSVVY,EVASIVELY,3
EEEEGNRRV,EVERGREEN,3
ACEEIOTVV,EVOCATIVE,3
EEIMNOPTX,EXEMPTION,3
EEIMMRSTX,EXTREMISM,3
EEIMRSTTX,EXTREMIST,3
ACEEIRTTX,EXTRICATE,3
AABCEFIRT,FABRICATE,3
AACFLLTUY,FACTUALLY,3
AAACFILNT,FANATICAL,3
AEFHMORSU,FARMHOUSE,3
ADEFHINOS,FASHIONED,3
AEFFLLTUY,FATEFULLY,3
AFGILNNWY,FAWNINGLY,3
EEFFHINTT,FIFTEENTH,3
EFHIILSTT,FILTHIEST,3
ACFGIINNN,FINANCING,3
EFFGHIIRT,FIREFIGHT,3
EEFIOPRRW,FIREPOWER,3
DEFGGILLN,FLEDGLING,3
EFIILRSTT,FLIRTIEST,3
ACEFLTTUU,FLUCTUATE,3
ADFHLOORY,FOOLHARDY,3
DEFFIIORT,FORTIFIED,3
ACEFHINRS,FRANCHISE,3
FFGHILRTU,FRIGHTFUL,3
FIILORTVY,FRIVOLITY,3
AFLLNORTY,FRONTALLY,3
ADEFGIMTU,FUMIGATED,3
DEFHINRSU,FURNISHED,3
DEEFHRRTU,FURTHERED,3
EEEGLMNNT,GENTLEMEN,3
AEGGHOPRY,GEOGRAPHY,3
AEGGINSTT,GESTATING,3
AGLMOORSU,GLAMOROUS,3
GGIILMNPS,GLIMPSING,3
CGGHIILNT,GLITCHING,3
GGIINOPSS,GOSSIPING,3
EGGINNORV,GOVERNING,3
DEEEGIRST,GREEDIEST,3
ACGGIIMNR,GRIMACING,3
EGKORSSUW,GUESSWORK,3
AGIIRSTTU,GUITARIST,3
ABHHIRRSU,HAIRBRUSH,3
AEHLLPSSY,HAPLESSLY,3
AABCCHHKT,HATCHBACK,3
AEFHLLTUY,HATEFULLY,3
AGHHILTUY,HAUGHTILY,3
ADDEEHRSS,HEADDRESS,3
ADEGHHILT,HEADLIGHT,3
ADDEEHILN,HEADLINED,3
ADEEHHNOP,HEADPHONE,3
ADEGHILNR,HERALDING,3
DEHILOSUY,HIDEOUSLY,3
BBBDEHNOO,HOBNOBBED,3
BEHHMOOOP,HOMOPHOBE,3
EHMNNOOOY,HONEYMOON,3
HIILOSTTY,HOSTILITY,3
DEHHLOOSU,HOUSEHOLD,3
ADHIKMNNU,HUMANKIND,3
ACGIILLLO,ILLOGICAL,3
AEIIMNPTT,IMPATIENT,3
CEEFIMPRT,IMPERFECT,3
EEILMMNPT,IMPLEMENT,3
DEEIMPRSS,IMPRESSED,3
DEIIMNPRT,IMPRINTED,3
AAEIIMNNT,INANIMATE,3
CEGIINNNS,INCENSING,3
CEEILMNNT,INCLEMENT,3
CEIILNSUV,INCLUSIVE,3
CCDEEINNY,INDECENCY,3
CDIINNOTU,INDUCTION,3
AFIIMNRRY,INFIRMARY,3
AFGIILMNN,INFLAMING,3
ABDEHIINT,INHABITED,3
GIIINNSST,INSISTING,3
EEILNNSTY,INTENSELY,3
EIINNSTTY,INTENSITY,3
DGIINNRTU,INTRUDING,3
EIIINTTUV,INTUITIVE,3
EIINNORSV,INVERSION,3
ACEFIJKKN,JACKKNIFE,3
AABEIJKLR,JAILBREAK,3
AEHIJLOSU,JAILHOUSE,3
ACDDEIJNU,JAUNDICED,3
AADEJKLWY,JAYWALKED,3
ACJLLORUY,JOCULARLY,3
EEFFFKLRU,KERFUFFLE,3
ACDEEKKNR,KNACKERED,3
BBEIKNOST,KNOBBIEST,3
ACDEELQRU,LACQUERED,3
AABEELLNR,LEARNABLE,3
AEEGILNNV,LEAVENING,3
ABEILLLRY,LIBERALLY,3
ADEIILQTU,LIQUIDATE,3
GGILLNNOY,LONGINGLY,3
EGILNNOOS,LOOSENING,3
EEILLOSTV,LOVELIEST,3
AAAACDIMM,MACADAMIA,3
AAAILMMMN,MAMMALIAN,3
AADGIMNNT,MANDATING,3
AACILLMNY,MANICALLY,3
AEILMNNSS,MANLINESS,3
AADEIMNRT,MARINATED,3
AEILMSSVY,MASSIVELY,3
AEGILMNNY,MEANINGLY,3
ABELMMORY,MEMORABLY,3
AEILMNTTY,MENTALITY,3
DEEIMNNOT,MENTIONED,3
DEFIIMRWY,MIDWIFERY,3
AEHIKKLMS,MILKSHAKE,3
DDEGIIMSU,MISGUIDED,3
DEIMOQSTU,MISQUOTED,3
ADDELMOTU,MODULATED,3
EGILMNOST,MOLESTING,3
AILMORTTY,MORTALITY,3
ADEGGMORT,MORTGAGED,3
DEFIIMORT,MORTIFIED,3
EEEKMRSTU,MUSKETEER,3
CIIMMSSTY,MYSTICISM,3
DEFIIMSTY,MYSTIFIED,3
AAINNORRT,NARRATION,3
AILLMNNOY,NOMINALLY,3
BKLLMNSUU,NUMBSKULL,3
EINNSSTTU,NUTTINESS,3
DEFFGINNO,OFFENDING,3
EEFFINOSV,OFFENSIVE,3
ACEFFIIOT,OFFICIATE,3
ILMNOOSUY,OMINOUSLY,3
ADGIINNOR,ORDAINING,3
DHOOORTXY,ORTHODOXY,3
ADELOSTTU,OUTLASTED,3
ADEKNORTU,OUTRANKED,3
EKNOOPSTU,OUTSPOKEN,3
ADLORTUWY,OUTWARDLY,3
CDEOORRVW,OVERCROWD,3
DEGINOORV,OVERDOING,3
DDEEOORSV,OVERDOSED,3
DEEIORSVZ,OVERSIZED,3
EELOPRSTV,OVERSLEPT,3
EENOPRSTV,OVERSPENT,3
EEHORRTVW,OVERTHREW,3
EEHLMORVW,OVERWHELM,3
ADGINNOPR,PARDONING,3
ADGINOPRY,PARODYING,3
AAILLPRTY,PARTIALLY,3
AIINOPRTT,PARTITION,3
AIIPSSTVY,PASSIVITY,3
ACHKOPRTW,PATCHWORK,3
AEGINNPTT,PATENTING,3
AGHLOOPTY,PATHOLOGY,3
ACEEHIPST,PEACHIEST,3
EEHILPSVY,PEEVISHLY,3
EEHIPPRRY,PERIPHERY,3
DEEFIIPRT,PETRIFIED,3
EHINNOPSS,PHONINESS,3
AGGIILLNP,PILLAGING,3
EIILMPPST,PIMPLIEST,3
AEIKPPQSU,PIPSQUEAK,3
CFHIKOPRT,PITCHFORK,3
EHIINPSST,PITHINESS,3
FIILLPTUY,PITIFULLY,3
AEILNNPSS,PLAINNESS,3
AEIILNPTV,PLAINTIVE,3
ADEELPRST,PLASTERED,3
EFILLNPTU,PLENTIFUL,3
ELMNPPSSU,PLUMPNESS,3
EHLNPSSSU,PLUSHNESS,3
GIINNOOPS,POISONING,3
ACIILLOPT,POLITICAL,3
ADELOPPTU,POPULATED,3
CEINOPPRU,PORCUPINE,3
AACCILPRT,PRACTICAL,3
CDEEGINPR,PRECEDING,3
CCEEIIPPR,PRECIPICE,3
AEGINPPRR,PREPARING,3
BCEEIPRRS,PRESCRIBE,3
AEILPRTVY,PRIVATELY,3
CDEEOPRSS,PROCESSED,3
EFOOPRRSS,PROFESSOR,3
GIMNOPPRT,PROMPTING,3
DEELLOPPR,PROPELLED,3
ELLOOPPRR,PROPELLOR,3
DEEOPPRRS,PROSPERED,3
DENOPRSSU,PROUDNESS,3
BCIILPTUY,PUBLICITY,3
EGINPRUVY,PURVEYING,3
AACDIQRTU,QUADRATIC,3
AEEIQSSTU,QUEASIEST,3
CEIKPQSTU,QUICKSTEP,3
AADGIINRT,RADIATING,3
AADIINORT,RADIATION,3
ABEPRRRSY,RASPBERRY,3
AAEEGNRRR,REARRANGE,3
AEGINNORS,REASONING,3
CEEINOPRT,RECEPTION,3
CEEEIPRTV,RECEPTIVE,3
CEEGINRSS,RECESSING,3
CEEILRSUV,RECLUSIVE,3
ACDEEERRT,RECREATED,3
CCEGILNRY,RECYCLING,3
DDEEGINNR,REDDENING,3
BDDEELORU,REDOUBLED,3
EEEFILRVX,REFLEXIVE,3
ABEEFLRTU,REFUTABLE,3
DEEGIMNRY,REMEDYING,3
ADEENORTV,RENOVATED,3
DDEEEORRR,REORDERED,3
DEEEIPRRV,REPRIEVED,3
ADEENORST,RESONATED,3
CDEEEPRST,RESPECTED,3
DDEENOPRS,RESPONDED,3
EFLLRSTUY,RESTFULLY,3
CDEEKORST,RESTOCKED,3
EGILNRSTU,RESULTING,3
EEINNORTT,RETENTION,3
EEELRRSVY,REVERSELY,3
EGHNORSSU,ROUGHNESS,3
DENNORSSU,ROUNDNESS,3
ADNNORRUU,RUNAROUND,3
GINPRRTUU,RUPTURING,3
ADDEGINNS,SADDENING,3
AADERSTTU,SATURATED,3
AEHNOOPSX,SAXOPHONE,3
ACDEEGNSV,SCAVENGED,3
ACEEGNRSV,SCAVENGER,3
ACCDEHRST,SCRATCHED,3
CCDEHNRSU,SCRUNCHED,3
CGILNPSTU,SCULPTING,3
CDEGILNSU,SECLUDING,3
ADEHLLOSW,SHALLOWED,3
ADEEHRSTT,SHATTERED,3
EFHHILLSS,SHELLFISH,3
DEEHIMMRS,SHIMMERED,3
AEHHIPPSS,SHIPSHAPE,3
CEEILNRSY,SINCERELY,3
EEGIKNRSW,SKEWERING,3
EIIKMPSST,SKIMPIEST,3
GGHIILNST,SLIGHTING,3
GHIMNOOST,SMOOTHING,3
DEGIMSSTU,SMUDGIEST,3
AEINPPSST,SNAPPIEST,3
CDEEIKNRS,SNICKERED,3
BBEINOSST,SNOBBIEST,3
GGGILNNSU,SNUGGLING,3
AEINOPSSS,SOAPINESS,3
CGILOOOSY,SOCIOLOGY,3
AEIKLPRRS,SPARKLIER,3
CEIINPSSS,SPICINESS,3
EIIKNPSSS,SPIKINESS,3
EEILNPSSS,SPINELESS,3
AGIINNPRS,SPRAINING,3
ADEGINPRS,SPREADING,3
AEHIMQSSU,SQUEAMISH,3
ABIILSTTY,STABILITY,3
ADEEGGRST,STAGGERED,3
AABDORRST,STARBOARD,3
AADEGRSTZ,STARGAZED,3
AAEGRRSTZ,STARGAZER,3
AEIRRSSTT,STARRIEST,3
AGILNRSTT,STARTLING,3
ADEGINSTY,STEADYING,3
DEEFFINST,STIFFENED,3
EILLNSSST,STILLNESS,3
AELPRSSST,STRAPLESS,3
EGINRSSST,STRESSING,3
EGNORSSTT,STRONGEST,3
EGMNNORST,STRONGMEN,3
BDDEIISUV,SUBDIVIDE,3
BDGIINSSU,SUBSIDING,3
DEEGGSSTU,SUGGESTED,3
AEIMMRSUZ,SUMMARIZE,3
ACFGINRSU,SURFACING,3
ABDFORRSU,SURFBOARD,3
GIIMNRSSU,SURMISING,3
GIINRSUVV,SURVIVING,3
BILMMOSSY,SYMBOLISM,3
ACFLLTTUY,TACTFULLY,3
AAEIKLTTV,TALKATIVE,3
AGLOOTTUY,TAUTOLOGY,3
EEEGINRTT,TEETERING,3
EEMPRSSTT,TEMPTRESS,3
DEEGINNRT,TENDERING,3
DEEFIIRRT,TERRIFIED,3
AEHLLMRTY,THERMALLY,3
CEHIOSTTU,TOUCHIEST,3
ACILLOTXY,TOXICALLY,3
AABEILNRT,TRAINABLE,3
AGIINPRST,TRAIPSING,3
ACEEHRRTY,TREACHERY,3
ABIRRTTUY,TRIBUTARY,3
EIIPPRSTT,TRIPPIEST,3
BGILNORTU,TROUBLING,3
EIRSSTTTU,TRUSTIEST,3
CEGIKNRTU,TUCKERING,3
CEHIIRTTW,TWITCHIER,3
ABCIILLMU,UMBILICAL,3
AABDEHNSU,UNABASHED,3
AIMNNOSUU,UNANIMOUS,3
AABCELNNU,UNBALANCE,3
ACILNNNUY,UNCANNILY,3
CDDELNOUU,UNCLOUDED,3
CGIKNNORU,UNCORKING,3
CDEENORUV,UNCOVERED,3
AADDEGMNU,UNDAMAGED,3
DDEENNORU,UNDERDONE,3
ADDEHNNRU,UNDERHAND,3
DEGILNNRU,UNDERLING,3
DEELLNRSU,UNDERSELL,3
ADEEKNRTU,UNDERTAKE,3
DEENNORTU,UNDERTONE,3
DEEINRRUW,UNDERWIRE,3
DDEILNTUU,UNDILUTED,3
DEENOPSUX,UNEXPOSED,3
EEFGILNNU,UNFEELING,3
CDEFNOSUU,UNFOCUSED,3
ADDEGNRUU,UNGUARDED,3
AEHINPPRU,UNHAPPIER,3
AEHHLNTUY,UNHEALTHY,3
DEINNRSUU,UNINSURED,3
ADEEHLNSU,UNLEASHED,3
ABEIKLLNU,UNLIKABLE,3
CEIKLNRUU,UNLUCKIER,3
AEGILNNSU,UNSEALING,3
AEHLNPSUY,UNSHAPELY,3
ABEELNNTU,UNTENABLE,3
ADEINNRTU,UNTRAINED,3
DEINSTTUW,UNTWISTED,3
EGIILNNUV,UNVEILING,3
ADGGINPRU,UPGRADING,3
ADGILNOPU,UPLOADING,3
AGGINPSTU,UPSTAGING,3
AADDEILTV,VALIDATED,3
AAILNOTUV,VALUATION,3
ADEHINRSV,VARNISHED,3
CEEEEHMNV,VEHEMENCE,3
ABEELNRVY,VENERABLY,3
EGINNRTUV,VENTURING,3
ABEEERRTV,VERTEBRAE,3
ABILNRTVY,VIBRANTLY,3
ACIIORSUV,VICARIOUS,3
AILLRTUVY,VIRTUALLY,3
EELLOSSVW,VOWELLESS,3
AEEHORSUW,WAREHOUSE,3
AADENRRTW,WARRANTED,3
AAEKMRRTW,WATERMARK,3
AAFGINRWY,WAYFARING,3
ADEEEHRTW,WEATHERED,3
EEHINSSTW,WHITENESS,3
AEHHISTWW,WHITEWASH,3
GHHINOOSW,WHOOSHING,3
ADHMNOOOW,WOMANHOOD,3
ADIKMNNOW,WOMANKIND,3
DEGINNORW,WONDERING,3
CEFKOORRW,WORKFORCE,3
EEHKORSTW,WORKSHEET,3
EHLORSSTW,WORTHLESS,3
EHLNOOPXY,XYLOPHONE,3
EGILLNOWY,YELLOWING,3
ADEERSTYY,YESTERDAY,3
EFLLSTUYZ,ZESTFULLY,3
HIILLNOTZ,ZILLIONTH,3
AABDILMNO,ABDOMINAL,4
ABCDDENOS,ABSCONDED,4
ABBGINORS,ABSORBING,4
ABDIRSTUY,ABSURDITY,4
ABEILSUVY,ABUSIVELY,4
AACCDEILM,ACCLAIMED,4
AACCMNOPY,ACCOMPANY,4
ACCDINOOR,ACCORDION,4
ACCDENOTU,ACCOUNTED,4
ACDDEFIII,ACIDIFIED,4
ACDDIINOT,ADDICTION,4
ADDDEERSS,ADDRESSED,4
AABDEILMR,ADMIRABLE,4
AABDILMRY,ADMIRABLY,4
ADGIIMNTT,ADMITTING,4
AADERRSVY,ADVERSARY,4
AAEFFIILT,AFFILIATE,4
ACEEFFLNU,AFFLUENCE,4
AAAEGGRTV,AGGRAVATE,4
ADEEGGIRV,AGGRIEVED,4
AAGIINOTT,AGITATION,4
AABEEEGLR,AGREEABLE,4
AAGILLORT,ALLIGATOR,4
AACELLNOW,ALLOWANCE,4
AAEEMMNTZ,AMAZEMENT,4
ADEFIILMP,AMPLIFIED,4
AIIMNOSTY,ANIMOSITY,4
AACENNNOY,ANNOYANCE,4
AALMNOOSU,ANOMALOUS,4
AIMNNOTYY,ANONYMITY,4
AMNNOOSUY,ANONYMOUS,4
AAHINPTTY,ANTIPATHY,4
AAAPPRSTU,APPARATUS,4
AEEIPPRTZ,APPETIZER,4
AINOOPPRT,APPORTION,4
AAAELNPQU,AQUAPLANE,4
ADDENOSTU,ASTOUNDED,4
AGLOORSTY,ASTROLOGY,4
ADEGINNTT,ATTENDING,4
AEGINSTTT,ATTESTING,4
AACDERTTT,ATTRACTED,4
AGHINORTU,AUTHORING,4
ABCKORSTY,BACKSTORY,4
ABCDKOOSW,BACKWOODS,4
ABCIILLST,BALLISTIC,4
ABDELLNOO,BALLOONED,4
ABDDHINTW,BANDWIDTH,4
ABEEMORRT,BAROMETER,4
AAABCDRRU,BARRACUDA,4
AABCDEIRR,BARRICADE,4
BDEEILLTT,BELITTLED,4
ABBDIINRR,BIRDBRAIN,4
AABLLNTTY,BLATANTLY,4
BDEEHILMS,BLEMISHED,4
BDDEIILNS,BLINDSIDE,4
BDDEHLOOS,BLOODSHED,4
BCHLOORTW,BLOWTORCH,4
ABCDIOOSU,BODACIOUS,4
BCEINOSTU,BOUNCIEST,4
ABCDEEKRT,BRACKETED,4
ABDEGIIRR,BRIGADIER,4
BELQRSUUY,BRUSQUELY,4
ABILRTTUY,BRUTALITY,4
BDDELLOUZ,BULLDOZED,4
BBBEEELMU,BUMBLEBEE,4
BEELQRSUU,BURLESQUE,4
ACCHNOOPY,CACOPHONY,4
AACEEFIRT,CAFETERIA,4
AACEEMMNR,CAMERAMEN,4
AACCDDINY,CANDIDACY,4
AACCINPTY,CAPTAINCY,4
AACDEINPT,CAPTAINED,4
ACENPRRTY,CARPENTRY,4
AACCLMSTY,CATACLYSM,4
ACELLNRTY,CENTRALLY,4
ACEHIKLST,CHALKIEST,4
CEHIMRSTY,CHEMISTRY,4
ACDEFIILR,CLARIFIED,4
AACCILLSS,CLASSICAL,4
CEEELRSTV,CLEVEREST,4
ABCCEIKLL,CLICKABLE,4
CEGIILNST,CLINGIEST,4
ACCIIILNN,CLINICIAN,4
AABCMNOTT,COMBATANT,4
CCDDELNOU,CONCLUDED,4
CCDDENOTU,CONDUCTED,4
ACEGJNOTU,CONJUGATE,4
CCINOOSSU,CONSCIOUS,4
CGILNNOOS,CONSOLING,4
CDEINOPRS,CONSPIRED,4
ABCELNOST,CONSTABLE,4
CCNORSTTU,CONSTRUCT,4
CDEEGNORV,CONVERGED,4
CDELNOSUV,CONVULSED,4
CCEKORRSW,CORKSCREW,4
ACCDKNORW,CRACKDOWN,4
ACEFMNRST,CRAFTSMEN,4
ABCENRRRY,CRANBERRY,4
CCIIIMRST,CRITICISM,4
CDEKLOORY,CROOKEDLY,4
CEFIORRSS,CROSSFIRE,4
ACDOORRSS,CROSSROAD,4
CDEENRSSU,CRUDENESS,4
CDDEILSTU,CUDDLIEST,4
ACEILTTUV,CULTIVATE,4
ACERRTUUV,CURVATURE,4
ACCILLNYY,CYNICALLY,4
ADEGIKNNR,DARKENING,4
CDDEINOTU,DEDUCTION,4
CDDEEITUV,DEDUCTIVE,4
ADDEEFLTU,DEFAULTED,4
ADEEFISTT,DEFEATIST,4
DEFIMORTY,DEFORMITY,4
ADEFGINRY,DEFRAYING,4
CDEIILOSU,DELICIOUS,4
DEIILORSU,DELIRIOUS,4
DDEEIOPST,DEPOSITED,4
DEGIINPSS,DESPISING,4
DDEEORSTY,DESTROYED,4
CDEEEITTV,DETECTIVE,4
DEEEGNRTT,DETERGENT,4
AADEESTTV,DEVASTATE,4
AADGHIMPR,DIAPHRAGM,4
DEEFFINRT,DIFFERENT,4
ADGIIMNRS,DISARMING,4
ACDDDEIRS,DISCARDED,4
ACDEGHIRS,DISCHARGE,4
CDDEILOSS,DISCLOSED,4
ACDDEGIRS,DISGRACED,4
BDGIINORS,DISROBING,4
CDDEEISST,DISSECTED,4
DDEILOSSV,DISSOLVED,4
DDEIILLST,DISTILLED,4
DDEIORSTT,DISTORTED,4
DEGGIINRV,DIVERGING,4
DEIINORSV,DIVERSION,4
DIMOORRTY,DORMITORY,4
BDELOSSTU,DOUBTLESS,4
ADFGLNORY,DRAGONFLY,4
AADIMRSTT,DRAMATIST,4
DDFIOORTW,DRIFTWOOD,4
CDIILPTUY,DUPLICITY,4
CEGIILNPS,ECLIPSING,4
CEEFFIINT,EFFICIENT,4
CEGIIILNT,ELICITING,4
BEGIMNOSS,EMBOSSING,4
ABCEGIMNR,EMBRACING,4
BDEEILMOR,EMBROILED,4
ADEEGIMRT,EMIGRATED,4
ACEEGNORU,ENCOURAGE,4
DEGINNORS,ENDORSING,4
CEFGINNOR,ENFORCING,4
AEGGINNRV,ENGRAVING,4
AEEINNRTT,ENTERTAIN,4
AABCEELPS,ESCAPABLE,4
EGINOPSSU,ESPOUSING,4
ADEEGNRST,ESTRANGED,4
CEEEINSTX,EXISTENCE,4
AEEENORTX,EXONERATE,4
DEEEINPTX,EXPEDIENT,4
AEEENTTUX,EXTENUATE,4
ADEEIRTTX,EXTRADITE,4
AEFINNSST,FAINTNESS,4
ADEFFIILS,FALSIFIED,4
AEFILSTTU,FAULTIEST,4
CEFIOORSU,FEROCIOUS,4
AACFIILNN,FINANCIAL,4
ACEFIINNR,FINANCIER,4
AFGILNNTU,FLAUNTING,4
AFILNOOTT,FLOTATION,4
AEFLMORTU,FORMULATE,4
AEFNORTTU,FORTUNATE,4
AEFKMORRW,FRAMEWORK,4
EFFLLRTUY,FRETFULLY,4
FILOORSUV,FRIVOLOUS,4
CDEFIKLOR,FROLICKED,4
EFINRRTUU,FURNITURE,4
EFILRTUVY,FURTIVELY,4
AEGGHINRT,GATHERING,4
ADEGINSSU,GAUDINESS,4
BBEGHIIRS,GIBBERISH,4
CGIIKMMRY,GIMMICKRY,4
AADGILORT,GLADIATOR,4
EEGNORSSV,GOVERNESS,4
AADGINORT,GRADATION,4
AADDEGRTU,GRADUATED,4
CEGHIORRU,GROUCHIER,4
DGGHNOORU,GROUNDHOG,4
BDEGIKOOU,GUIDEBOOK,4
EGILLSSTU,GUILTLESS,4
AABEHITTU,HABITUATE,4
AABDEHKNR,HANDBRAKE,4
ADHIKNORW,HANDIWORK,4
ADEGHINNR,HARDENING,4
AEGHINNST,HASTENING,4
AEGHHIRTU,HAUGHTIER,4
AEEHHILRT,HEALTHIER,4
AABEEHRTT,HEARTBEAT,4
ADEEEHNRT,HEARTENED,4
DEHHLLNOU,HELLHOUND,4
BEEHIORRV,HERBIVORE,4
AAEGHLNOX,HEXAGONAL,4
ACEHHIRRY,HIERARCHY,4
AHIILORSU,HILARIOUS,4
DEEHLORST,HOLSTERED,4
DEFHIIORR,HORRIFIED,4
AEEHMOSTU,HOUSEMATE,4
ABDHNRSUY,HUSBANDRY,4
ACDIIIMOT,IDIOMATIC,4
AIIIMNOTT,IMITATION,4
EEIIMMRSV,IMMERSIVE,4
ACDEEHIMP,IMPEACHED,4
EIIMOPRSU,IMPERIOUS,4
AABCEILNP,INCAPABLE,4
AABCILNPY,INCAPABLY,4
CEEIINNTV,INCENTIVE,4
ABCEILNRU,INCURABLE,4
DEFIIMNNY,INDEMNIFY,4
CDEIINTUV,INDUCTIVE,4
ABEEFFILN,INEFFABLE,4
AEFIILNNT,INFANTILE,4
CEEEFINNR,INFERENCE,4
EGIINNOSU,INGENIOUS,4
DEEHIINRT,INHERITED,4
BCDEIINRS,INSCRIBED,4
CDEEINPST,INSPECTED,4
EFIINNSTY,INTENSIFY,4
CEEIJNRTT,INTERJECT,4
ADEIIMNTT,INTIMATED,4
EEILNRSVY,INVERSELY,4
ADEGIIRRT,IRRIGATED,4
AIILNOOST,ISOLATION,4
ACJKOPRST,JOCKSTRAP,4
ADEJLNORU,JOURNALED,4
DEEJNORUY,JOURNEYED,4
GGHIIKNNT,KNIGHTING,4
CGIKKLNNU,KNUCKLING,4
ABILOORSU,LABORIOUS,4
AACGILNTT,LACTATING,4
EEGILNNSS,LESSENING,4
ADEEILTTV,LEVITATED,4
ABIIILLTY,LIABILITY,4
EEIIKLLST,LIKELIEST,4
DEEFIILQU,LIQUEFIED,4
ADEGIILTT,LITIGATED,4
DHLMOOTUU,LOUDMOUTH,4
ADEFGIIMN,MAGNIFIED,4
AEFHIKMST,MAKESHIFT,4
ACIILMOSU,MALICIOUS,4
AEGIMNNSS,MANGINESS,4
AAADELMMR,MARMALADE,4
AGIMNNOOR,MAROONING,4
AADHLMNRS,MARSHLAND,4
ACHIMOSST,MASOCHIST,4
AAGGIMNSS,MASSAGING,4
AEFLMRSTU,MASTERFUL,4
ADDEEEMNR,MEANDERED,4
ADEGIIMNT,MEDIATING,4
AEGGIMNSS,MESSAGING,4
DDEEILMMN,MIDDLEMEN,4
DEIIMNRTW,MIDWINTER,4
AGIIMNORT,MIGRATION,4
AIILLMMNY,MINIMALLY,4
ABEEHIMSV,MISBEHAVE,4
ABEILMRSY,MISERABLY,4
DEIMNOORT,MONITORED,4
BDIIMORTY,MORBIDITY,4
DEILMTTUU,MULTITUDE,4
AAGINNRRT,NARRATING,4
AEINNSSST,NASTINESS,4
AAGINNSYY,NAYSAYING,4
DEEEINNSS,NEEDINESS,4
ELNORSUVY,NERVOUSLY,4
EIINNOSSS,NOISINESS,4
INOOORSTU,NOTORIOUS,4
ABDEGILOT,OBLIGATED,4
BEILLOQUY,OBLIQUELY,4
BCGINORSU,OBSCURING,4
BEGINORSV,OBSERVING,4
ABGIINNOT,OBTAINING,4
CCDGILNOU,OCCLUDING,4
CCGINORRU,OCCURRING,4
ABELOOPPS,OPPOSABLE,4
DEGNNOTUU,OUTGUNNED,4
GIILNNOTU,OUTLINING,4
EGGIORRTU,OUTRIGGER,4
CDEOORSTU,OUTSCORED,4
ADEFORRTV,OVERDRAFT,4
EGHIORSTV,OVERSIGHT,4
EFFORSTUV,OVERSTUFF,4
ADEEORTVX,OVERTAXED,4
EHIKNORTV,OVERTHINK,4
EENORSSTV,OVERTNESS,4
AEELORUVV,OVERVALUE,4
EEIORRTVW,OVERWRITE,4
AGILNOTUV,OVULATING,4
ACDDEKLOP,PADLOCKED,4
AABILLNPT,PAINTBALL,4
AABCEKPPR,PAPERBACK,4
AEILNPTTY,PATIENTLY,4
AAEGNOPRT,PATRONAGE,4
ADEENPRTT,PATTERNED,4
AEEFOPRRT,PERFORATE,4
EGHIINPRS,PERISHING,4
AEEMNNPRT,PERMANENT,4
DEEIMPRTT,PERMITTED,4
EEEEPRRSV,PERSEVERE,4
BDEEPRRTU,PERTURBED,4
EIIMPSSST,PESSIMIST,4
AEEILNPPP,PINEAPPLE,4
ACEELMNPT,PLACEMENT,4
AAEKLMPRY,PLAYMAKER,4
DEILNOPTY,POINTEDLY,4
INOOOPSSU,POISONOUS,4
ALLNOPTTU,POLLUTANT,4
AGHLOPPRY,POLYGRAPH,4
ALLOPPRUY,POPULARLY,4
DEINOOPRT,PORTIONED,4
AELOPSTTU,POSTULATE,4
AACGIMPRT,PRAGMATIC,4
CEEILPRSY,PRECISELY,4
CEIINOPRS,PRECISION,4
ADEINOPRT,PREDATION,4
CDDEEIPRT,PREDICTED,4
ACEGNNPRY,PREGNANCY,4
AEGINPPRY,PREPAYING,4
EELNPRSTY,PRESENTLY,4
CEIILNPPR,PRINCIPLE,4
EEGIILPRV,PRIVILEGE,4
CEOOPRRSS,PROCESSOR,4
AEFLNOPRY,PROFANELY,4
AFINOPRTY,PROFANITY,4
DEEFFOPRR,PROFFERED,4
EEFIOPRRT,PROFITEER,4
EFLOPRSUY,PROFUSELY,4
DEGLNOOPR,PROLONGED,4
CENNOOPRU,PRONOUNCE,4
CEOOPRRTT,PROTECTOR,4
DHILPRSUY,PRUDISHLY,4
CHIOPSSSY,PSYCHOSIS,4
BCIILPSTU,PUBLICIST,4
DEGINPSSU,PUDGINESS,4
AGILNPSTU,PULSATING,4
ACCDHNPRU,PUNCHCARD,4
CEHILNNPU,PUNCHLINE,4
CDENPRTUU,PUNCTURED,4
EGLNNPTUY,PUNGENTLY,4
ACDEHPRSU,PURCHASED,4
AGOPRRTUY,PURGATORY,4
ADELPQRUU,QUADRUPLE,4
EEINQSSTU,QUIETNESS,4
EILNPQTUU,QUINTUPLE,4
AACDILLRY,RADICALLY,4
AGIINNORT,RATIONING,4
BDDEENORU,REBOUNDED,4
ABDDEENRR,REBRANDED,4
CDEEMMNOR,RECOMMEND,4
CEEIRRRTU,RECRUITER,4
CEEIRRSUV,RECURSIVE,4
ACDEGINRT,REDACTING,4
ADEEFINRR,REFRAINED,4
AEGHHINRS,REHASHING,4
DEEIJNORR,REJOINDER,4
DDEEIKLNR,REKINDLED,4
ACEEELNRV,RELEVANCE,4
EGIILORSU,RELIGIOUS,4
ACDEELORT,RELOCATED,4
AENOORRTV,RENOVATOR,4
EEGINNOPR,REOPENING,4
AACEEGKPR,REPACKAGE,4
EEHILNPRS,REPLENISH,4
DEEINPRRT,REPRINTED,4
DEELPRTUY,REPUTEDLY,4
EGINNNRRU,RERUNNING,4
EEGINNRST,RESENTING,4
CEEEENRRV,REVERENCE,4
ADEEPPRRW,REWRAPPED,4
CEEEKORRT,ROCKETEER,4
ACGIMNNOR,ROMANCING,4
DEEGHNORU,ROUGHENED,4
EILNORTUY,ROUTINELY,4
ADEIMNRTU,RUMINATED,4
ADEFIISST,SATISFIED,4
ACCEORRSW,SCARECROW,4
CDDEEHLSU,SCHEDULED,4
CDEHMOOSZ,SCHMOOZED,4
CEELORSSS,SCORELESS,4
ACILPPRSY,SCRAPPILY,4
ABCELLRSW,SCREWBALL,4
CEEIRSSTW,SCREWIEST,4
CDEGNORSU,SCROUNGED,4
CELPRSTUU,SCULPTURE,4
ACDENORSY,SECONDARY,4
ACEERRSTY,SECRETARY,4
EIINORSTY,SENIORITY,4
EEEENNSTV,SEVENTEEN,4
DEELPSTUX,SEXTUPLED,4
EELPSTTUX,SEXTUPLET,4
AEILSTUXY,SEXUALITY,4
ACGHIKLNS,SHACKLING,4
ADEEHNPRS,SHARPENED,4
DEGHIILNS,SHIELDING,4
HILORSSTT,SHORTLIST,4
AGIINSTTU,SITUATING,4
ADDDEEKLS,SKEDADDLE,4
FIIKLNNST,SKINFLINT,4
ADDEELNRS,SLANDERED,4
AEGHLRSTU,SLAUGHTER,4
AEEILSSTZ,SLEAZIEST,4
AEMNRSSST,SMARTNESS,4
AEINSSTZZ,SNAZZIEST,4
ACIILOSST,SOCIALIST,4
EFGINNOST,SOFTENING,4
DEJNOORSU,SOJOURNED,4
EJNOORRSU,SOJOURNER,4
DDEEILORS,SOLDIERED,4
ILLOOQSUY,SOLILOQUY,4
ADEEPRSTT,SPATTERED,4
CDEHLOPST,SPLOTCHED,4
EEKMNOPSS,SPOKESMEN,4
AMNOPRSST,SPORTSMAN,4
BGIKNOPRS,SPRINGBOK,4
DEEPRSTTU,SPUTTERED,4
DEEEEGQSU,SQUEEGEED,4
AADEGNSTT,STAGNATED,4
AGHILRSTT,STARLIGHT,4
EGIINSSTT,STINGIEST,4
EIIKNSSTT,STINKIEST,4
EINNOSSST,STONINESS,4
ACHOPSTTW,STOPWATCH,4
AEGLNRSTY,STRANGELY,4
AEGNRSSTT,STRANGEST,4
AEEIKRRST,STREAKIER,4
CEEHRRSTT,STRETCHER,4
DEEFIPSTU,STUPEFIED,4
DEIRSSTTU,STURDIEST,4
EERRSTTTU,STUTTERER,4
BDEERSTUV,SUBVERTED,4
CCDDEEESU,SUCCEEDED,4
CCELNSTUU,SUCCULENT,4
AILMMRSUY,SUMMARILY,4
MOPSSTUUU,SUMPTUOUS,4
EEIPRSSUV,SUPERVISE,4
CDEEPSSTU,SUSPECTED,4
CIINOPSSU,SUSPICION,4
AADLMNPSW,SWAMPLAND,4
ADMNORSSW,SWORDSMAN,4
IMMOPSSUY,SYMPOSIUM,4
ADEINRSST,TARDINESS,4
AGINOOTTT,TATTOOING,4
AABCEEHLT,TEACHABLE,4
AEFLLRTUY,TEARFULLY,4
AEEEMPRTT,TEMPERATE,4
AEMOPRRTY,TEMPORARY,4
DEEFIISTT,TESTIFIED,4
CDEEHIKNT,THICKENED,4
GHIINRSTT,THIRSTING,4
AAHORTWWY,THROWAWAY,4
ABEEILMTT,TIMETABLE,4
ADLOOOSTT,TOADSTOOL,4
EHLOOSSTT,TOOTHLESS,4
GINORRTTU,TORTURING,4
DEEGHNOTU,TOUGHENED,4
AEELLRRTV,TRAVELLER,4
CEIKRRSTT,TRICKSTER,4
AIILLRTVY,TRIVIALLY,4
DEEMPRTTU,TRUMPETED,4
ACILLPTYY,TYPICALLY,4
AILMMTTUU,ULTIMATUM,4
AADEHMNSU,UNASHAMED,4
CDDDEEINU,UNDECIDED,4
ACDDENRRU,UNDERCARD,4
DEFNOORTU,UNDERFOOT,4
ADDEINPRU,UNDERPAID,4
BDDENOTUU,UNDOUBTED,4
DDEENRSSU,UNDRESSED,4
ADDELNTUU,UNDULATED,4
DDEENNOUW,UNENDOWED,4
ADEEGGNNU,UNENGAGED,4
DEELNOUVV,UNEVOLVED,4
DEGMNOORU,UNGROOMED,4
DEFIMNORU,UNIFORMED,4
FILMNORUY,UNIFORMLY,4
ALNOPPRUU,UNPOPULAR,4
DEEFINNRU,UNREFINED,4
CDEENNSTU,UNSCENTED,4
DEELNSTTU,UNSETTLED,4
DEILLNSUU,UNSULLIED,4
ADEINNTTU,UNTAINTED,4
ADEENRTTU,UNTREATED,4
AAILLNTVY,VALIANTLY,4
EIINOPTVW,VIEWPOINT,4
EILLNOTVY,VIOLENTLY,4
AIINORSVY,VISIONARY,4
DEIINSSVV,VIVIDNESS,4
CEEILOSSV,VOICELESS,4
EGILLNOVY,VOLLEYING,4
ALNORTUVY,VOLUNTARY,4
AGILRTUVY,VULGARITY,4
AABDINSTW,WAISTBAND,4
AABKLOTUW,WALKABOUT,4
EGGHIINTW,WEIGHTING,4
EEENRRSTW,WESTERNER,4
EFHHIISTW,WHITEFISH,4
DEINPSTWW,WINDSWEPT,4
EHKOORRSW,WORKHORSE,4
DDEILORWW,WORLDWIDE,4
DEILORRWY,WORRIEDLY,4
EHIORSTTW,WORTHIEST,4
BDEFIIMOZ,ZOMBIFIED,4
AABEEMNTT,ABATEMENT,5
ABIILNOOT,ABOLITION,5
AABCDENNU,ABUNDANCE,5
AABLLMSYY,ABYSMALLY,5
ACCEEIQSU,ACQUIESCE,5
AACILQTTU,ACQUITTAL,5
AAEELNOPR,AEROPLANE,5
ACDEFFILT,AFFLICTED,5
AAEEGGGRT,AGGREGATE,5
AEILLMSSY,AIMLESSLY,5
AADEEILNT,ALIENATED,5
AAGLNOOSU,ANALOGOUS,5
ACENNNORU,ANNOUNCER,5
AGILLNNNU,ANNULLING,5
AGIINNNOT,ANOINTING,5
AGHLNOOTY,ANTHOLOGY,5
AAEMNPRTT,APARTMENT,5
AAENPRSST,APARTNESS,5
AGILOOPST,APOLOGIST,5
ADLORSUUY,ARDUOUSLY,5
ABCGIINRS,ASCRIBING,5
AADELSSTU,ASSAULTED,5
ABDEELMSS,ASSEMBLED,5
ADIOSSSUU,ASSIDUOUS,5
AEEMNNOTT,ATONEMENT,5
AEINNOTTT,ATTENTION,5
AAEENTTTU,ATTENUATE,5
ABDIKOOOU,AUDIOBOOK,5
AAGHOPRTU,AUTOGRAPH,5
AEFLNSSUW,AWFULNESS,5
AABCHKLSS,BACKSLASH,5
ABILLNOPT,BALLPOINT,5
AABDGNNOW,BANDWAGON,5
AABCDEEFR,BAREFACED,5
AABILNOTT,BATTALION,5
ABDDEEPRS,BEDSPREAD,5
ABCEHKMNR,BENCHMARK,5
ABEGINRTY,BETRAYING,5
BDEEHORTT,BETROTHED,5
ABHIKMRRT,BIRTHMARK,5
ABCDDEKLO,BLOCKADED,5
ABCDEHKLO,BLOCKHEAD,5
BDELMOOSS,BLOSSOMED,5
ABDDGORUY,BODYGUARD,5
BFILNOTUU,BOUNTIFUL,5
BCDEOOTTY,BOYCOTTED,5
ABCEEKKNR,BREAKNECK,5
ABCDIKRRY,BRICKYARD,5
AABCDORST,BROADCAST,5
ABDDEENOR,BROADENED,5
ABEEGKORR,BROKERAGE,5
ABDEGRTUY,BUDGETARY,5
BDEHINRSU,BURNISHED,5
AACCELLTU,CALCULATE,5
ACCDEELLN,CANCELLED,5
AACCIOPSU,CAPACIOUS,5
AACILLPTY,CAPITALLY,5
AABCENORT,CARBONATE,5
ACEGINPRT,CARPETING,5
AACILSTUY,CAUSALITY,5
ACENORSUV,CAVERNOUS,5
BCEEILRTY,CELEBRITY,5
CEEHLLNOP,CELLPHONE,5
CEEILLLTU,CELLULITE,5
CEELLLOSU,CELLULOSE,5
ACCHIKPST,CHAPSTICK,5
BCEEEHKNO,CHEEKBONE,5
CDDHHILOO,CHILDHOOD,5
CEHIINRTZ,CHINTZIER,5
ACCHIMORT,CHROMATIC,5
ACLMOORSS,CLASSROOM,5
AACCEELNR,CLEARANCE,5
CEEIMMOTT,COMMITTEE,5
CDEMMOOOR,COMMODORE,5
ACCDEELNO,CONCEALED,5
BCCEINNOU,CONCUBINE,5
CCDENORRU,CONCURRED,5
ACDEEGLNO,CONGEALED,5
ACCILLNOY,CONICALLY,5
ACNNNOOST,CONSONANT,5
CEINNNOTT,CONTINENT,5
CDENOORTT,CONTORTED,5
CDEINORTV,CONTRIVED,5
ACMNOORRT,CORMORANT,5
ACLLOORRY,COROLLARY,5
CCELORRTY,CORRECTLY,5
ACEELORRT,CORRELATE,5
CEIOORRSV,CORROSIVE,5
CLOPRRTUY,CORRUPTLY,5
CMOOORRTU,COURTROOM,5
ACCDEIORW,COWARDICE,5
CCEHORTTY,CROTCHETY,5
ACDGINRSU,CRUSADING,5
ACEILMNTU,CULMINATE,5
ACMORSTUY,CUSTOMARY,5
ADDEILNNO,DANDELION,5
ADEGNORSU,DANGEROUS,5
ACCDDEEEN,DECADENCE,5
ACDEGILNR,DECLARING,5
CDEEEGINR,DECREEING,5
CDDEEPRTY,DECRYPTED,5
CDEEEEFNR,DEFERENCE,5
ADEEGGMOU,DEMAGOGUE,5
ACCDEMORY,DEMOCRACY,5
DEFIMSTYY,DEMYSTIFY,5
CDDEENNOU,DENOUNCED,5
ABDEEILRS,DESIRABLE,5
ABDEILRSY,DESIRABLY,5
DEEISTTTU,DESTITUTE,5
DEEEIMNRT,DETERMINE,5
DEEENRRTT,DETERRENT,5
DDEFGIIIN,DIGNIFIED,5
CDEIORRTY,DIRECTORY,5
ABDEIKMRS,DISEMBARK,5
DDDEGILOS,DISLODGED,5
BDEEIMMRS,DISMEMBER,5
BDDEEIOSY,DISOBEYED,5
DGIINNOSW,DISOWNING,5
AADEGIPRS,DISPARAGE,5
DDEEINPSS,DISPENSED,5
DDEEIPRSS,DISPERSED,5
ACDDEILPS,DISPLACED,5
ADDEILPSY,DISPLAYED,5
DDEIOPRSV,DISPROVED,5
DDEIPRSTU,DISRUPTED,5
ADILNSTTY,DISTANTLY,5
DEGHIOSTU,DOUGHIEST,5
ADEGNOSTW,DOWNSTAGE,5
DGINNOSWW,DOWNSWING,5
ADEEIKLMR,DREAMLIKE,5
ACDEILPTU,DUPLICATE,5
CCCEEINRT,ECCENTRIC,5
EEGHHIITT,EIGHTIETH,5
AEEGLLNTY,ELEGANTLY,5
EEILLSUVY,ELUSIVELY,5
BDEEIMORR,EMBROIDER,5
EEIMNPSST,EMPTINESS,5
AEILMNOTU,EMULATION,5
BDEEEEFLN,ENFEEBLED,5
DEEGNORSS,ENGROSSED,5
EFGGILNNU,ENGULFING,5
EEGHILNNT,ENLIGHTEN,5
ACDEENNRT,ENTRANCED,5
EILNOSUVY,ENVIOUSLY,5
EMNOOPSUY,EPONYMOUS,5
EELORRRSS,ERRORLESS,5
EGLMOOTYY,ETYMOLOGY,5
EEHIMMPSU,EUPHEMISM,5
AAEEOPRTV,EVAPORATE,5
AACEORTVX,EXCAVATOR,5
ACEFIOSTU,FACETIOUS,5
AACFINSTT,FANTASTIC,5
EFIILRTTY,FERTILITY,5
EFFIOOPRR,FIREPROOF,5
EEFHIMNRS,FISHERMEN,5
ACFILNPPY,FLIPPANCY,5
EFLOOPRTW,FLOWERPOT,5
BDDEEFOOR,FOREBODED,5
EFGGINOOR,FOREGOING,5
EEFGINORR,FOREIGNER,5
EFGHIORST,FORESIGHT,5
FGHINORTT,FORTNIGHT,5
AACEFGNRR,FRAGRANCE,5
EEFGHIRRT,FREIGHTER,5
BEFIORSTT,FROSTBITE,5
AFGILRTUY,FRUGALITY,5
AFGILLNUY,GAINFULLY,5
AAGLLNRTY,GALLANTRY,5
AGIILLNOZ,GAZILLION,5
EEGILNNUY,GENUINELY,5
AEGINOSTT,GESTATION,5
DEFGIILOR,GLORIFIED,5
DEGILOOST,GOODLIEST,5
AADGLNRSS,GRASSLAND,5
ADEFGIIRT,GRATIFIED,5
AADEGRRVY,GRAVEYARD,5
AAEGIRTTV,GRAVITATE,5
EEGOQRSTU,GROTESQUE,5
EGLLSSTUY,GUTLESSLY,5
AAHIPRRSY,HAIRSPRAY,5
AADEGHNRU,HARANGUED,5
AEHILNQRU,HARLEQUIN,5
ADEEHRSTV,HARVESTED,5
ADEEHILNR,HEADLINER,5
AADDEHNST,HEADSTAND,5
AACEEHHRT,HEARTACHE,5
EEFHINSST,HEFTINESS,5
EHILNOSUY,HEINOUSLY,5
ABCEHKORS,HORSEBACK,5
BEGIILLLY,ILLEGIBLY,5
AAGIIMNRY,IMAGINARY,5
ACDEIIMMY,IMMEDIACY,5
CEEIIMMNN,IMMINENCE,5
ACEIILMPT,IMPLICATE,5
AIMNOPRTT,IMPORTANT,5
DDEIMNOPU,IMPOUNDED,5
ABIIILNTY,INABILITY,5
CIILNNOSU,INCLUSION,5
ABCDEINTU,INCUBATED,5
BCEIMNNTU,INCUMBENT,5
DGGIILNNU,INDULGING,5
AAEFINTTU,INFATUATE,5
CEEFILNNU,INFLUENCE,5
AFIMNNORT,INFORMANT,5
EEEIKNNPR,INNKEEPER,5
EIINNORST,INSERTION,5
CEEIINNRS,INSINCERE,5
ADEILNSTU,INSULATED,5
EGIINRTTY,INTEGRITY,5
CEEILLNTT,INTELLECT,5
CDEEEINRT,INTERCEDE,5
CEEINPRTT,INTERCEPT,5
EEEFINRRT,INTERFERE,5
EEINPRRTT,INTERPRET,5
EIINRSTUV,INTRUSIVE,5
AEGILRRRU,IRREGULAR,5
ABEIILRRT,IRRITABLE,5
ADEIIRRTT,IRRITATED,5
CEHIINSST,ITCHINESS,5
AIIKLLNOZ,KAZILLION,5
EEKKORSTY,KEYSTROKE,5
ADEIKNPPR,KIDNAPPER,5
AHIKLNSVY,KNAVISHLY,5
DEEGKLNOW,KNOWLEDGE,5
AACDEELRT,LACERATED,5
AACILNOTT,LACTATION,5
ADDEELNRU,LAUNDERED,5
EEILLNNTY,LENIENTLY,5
EIILLMSST,LIMITLESS,5
EEIILLSTV,LIVELIEST,5
CHIKLMOST,LOCKSMITH,5
EEILLNOST,LONELIEST,5
AEILRTUUX,LUXURIATE,5
ACILLLRYY,LYRICALLY,5
ACEHIMNRY,MACHINERY,5
AGGIILMNN,MALIGNING,5
AEFIMNOST,MANIFESTO,5
AAAIJMNRU,MARIJUANA,5
ACHIMMOSS,MASOCHISM,5
AACDEMRSS,MASSACRED,5
ABCHKMOOT,MATCHBOOK,5
AEIMNRTTY,MATERNITY,5
AEEHILMNW,MEANWHILE,5
ACEHIMMNS,MECHANISM,5
ADEIIMNOT,MEDIATION,5
ADDEEIMTT,MEDITATED,5
AEEGHMNOP,MEGAPHONE,5
AGIMORRTY,MIGRATORY,5
HIILLMNOT,MILLIONTH,5
DEEFIILMN,MINEFIELD,5
AEIIMNRTU,MINIATURE,5
ADDEEMORT,MODERATED,5
ADEMOORRT,MODERATOR,5
ACELLMORU,MOLECULAR,5
MNOORSSTU,MONSTROUS,5
GHILMNOOT,MOONLIGHT,5
EILLMPTUX,MULTIPLEX,5
DEMORRSUU,MURDEROUS,5
ACELMMNSU,MUSCLEMAN,5
CEELMMNSU,MUSCLEMEN,5
ADEEKNNSS,NAKEDNESS,5
ADEIMNNOT,NOMINATED,5
GINNRRTUU,NURTURING,5
IINNORTTU,NUTRITION,5
BCIORSTUY,OBSCURITY,5
BEGINOSSS,OBSESSING,5
CCILOSTTU,OCCULTIST,5
AACGLNOOT,OCTAGONAL,5
ABDMMNOSU,OMBUDSMAN,5
ADEMNNOTU,OUTMANNED,5
ACEHMORTV,OVERMATCH,5
CEEIOPRRV,OVERPRICE,5
DEELORRUV,OVERRULED,5
DEEIORRTV,OVERTIRED,5
AAEGNPRTY,PAGEANTRY,5
AACEHPRTU,PARACHUTE,5
AADEGILPR,PARAGLIDE,5
AAILPRSSY,PARALYSIS,5
ACEHMNPRT,PARCHMENT,5
AAGILNPRY,PARLAYING,5
ADEGIPRRT,PARTRIDGE,5
AALMNOPRT,PATROLMAN,5
AABCEELPY,PEACEABLY,5
ABEEELMPR,PERMEABLE,5
AEELPPRTU,PERPETUAL,5
DEEIPPRRS,PERSPIRED,5
EEINNPRTT,PERTINENT,5
ADELNOOPT,PLATOONED,5
AEIMNNOPU,PNEUMONIA,5
CEFKLOPTU,POCKETFUL,5
ACEILMNOP,POLICEMAN,5
CEEILMNOP,POLICEMEN,5
IMOOPPSTY,POMPOSITY,5
EIOPRSTTY,POSTERITY,5
DENOOPPST,POSTPONED,5
AEKNPRRST,PRANKSTER,5
EFGHILPRT,PREFLIGHT,5
AEEMPRRTU,PREMATURE,5
EEEPRRRSV,PRESERVER,5
DEEPRRSSU,PRESSURED,5
AEELNPRTV,PREVALENT,5
ACIILNPPR,PRINCIPAL,5
ACEIOPRTV,PROACTIVE,5
BCIIOOPRT,PROBIOTIC,5
ADEEMNOPR,PROMENADE,5
ADEFOOPRR,PROOFREAD,5
ENNOOPPRT,PROPONENT,5
ACENPTTUU,PUNCTUATE,5
AACCEKRRT,RACETRACK,5
ACEEEKRRT,RACKETEER,5
AAGGIMNPR,RAMPAGING,5
AACDEKNRS,RANSACKED,5
AGINPRRTU,RAPTURING,5
ACLORSUUY,RAUCOUSLY,5
ACHILNRUY,RAUNCHILY,5
AABCKORRZ,RAZORBACK,5
ADEEILPPR,REAPPLIED,5
CEGIKNNOR,RECKONING,5
CEEGINORZ,RECOGNIZE,5
CCEELLORT,RECOLLECT,5
BCEEIMNOR,RECOMBINE,5
CEEENNORV,RECONVENE,5
CDEEIRRTU,RECRUITED,5
EEFGLRRTU,REGRETFUL,5
AEGLORRTU,REGULATOR,5
AAEEHLRRS,REHEARSAL,5
AEEEIRRTT,REITERATE,5
ADEEELNRR,RELEARNED,5
EEGIILNRV,RELIEVING,5
ADEEIMNRR,REMAINDER,5
DEIINNORT,RENDITION,5
AABEELPRR,REPARABLE,5
ADEEIPRTU,REPUDIATE,5
ABELPRTUY,REPUTABLY,5
EEFFHLRSU,RESHUFFLE,5
EGIINRSST,RESISTING,5
DDEENORSU,RESOUNDED,5
ADEERRSTT,RESTARTED,5
ADEEERRTT,RETREATED,5
DEEEIRRTV,RETRIEVED,5
ADGHIRRTW,RIGHTWARD,5
AIILRSTTU,RITUALIST,5
AGGIMMNRU,RUMMAGING,5
AABDEGOST,SABOTAGED,5
ACHLLORSY,SCHOLARLY,5
ACEINRRSW,SCRAWNIER,5
CCDEEEHRS,SCREECHED,5
AAEFGINRS,SEAFARING,5
AEGINNOSS,SEASONING,5
CEEEIRSTV,SECRETIVE,5
CDEEISTUV,SEDUCTIVE,5
EEEQRSSTU,SEQUESTER,5
ACEEENRSV,SEVERANCE,5
ADEHMOOPS,SHAMPOOED,5
ADHHNORST,SHORTHAND,5
ADEILMSTU,SIMULATED,5
CEIINRSTY,SINCERITY,5
AIINOSTTU,SITUATION,5
CEGHIKNST,SKETCHING,5
EIIKNNSST,SKINNIEST,5
AGILLMNOS,SLALOMING,5
ACIKLPSST,SLAPSTICK,5
EGHILSSTT,SLIGHTEST,5
ACDKMNOSW,SMACKDOWN,5
AEIMMRSST,SMARMIEST,5
DEEHMORST,SMOTHERED,5
CGHIINNST,SNITCHING,5
ABDNOORSW,SNOWBOARD,5
AEFKLNOSW,SNOWFLAKE,5
MNOORSSTW,SNOWSTORM,5
ACIILMOSS,SOCIALISM,5
EEEHMORSW,SOMEWHERE,5
ACEILPSTY,SPECIALTY,5
ABDEEOPST,SPEEDBOAT,5
ADEILLPRS,SPIRALLED,5
AEKMNOPSS,SPOKESMAN,5
AEELNSSST,STALENESS,5
AAEMNSSTT,STATESMAN,5
ACIISSTTT,STATISTIC,5
EEEILSSTT,STEELIEST,5
AEILPSTTU,STIPULATE,5
DEEOPPRST,STOPPERED,5
CEIRSSTTT,STRICTEST,5
CERRSTTUU,STRUCTURE,5
DEIPSSTTU,STUPIDEST,5
HILLSSTYY,STYLISHLY,5
ABEGJSTUU,SUBJUGATE,5
BGIMNSSUU,SUBSUMING,5
CCEORSSSU,SUCCESSOR,5
ABDEHNSTU,SUNBATHED,5
EFLNORSUW,SUNFLOWER,5
DEEEPRSSU,SUPERSEDE,5
DEOPPRSTU,SUPPORTED,5
DEIPRRSSU,SURPRISED,5
DDEENPSSU,SUSPENDED,5
EEEENRSTW,SWEETENER,5
DEEELRSTW,SWELTERED,5
AAALNRTTU,TARANTULA,5
CEEHINQTU,TECHNIQUE,5
ACDEELNTT,TENTACLED,5
ELNOSTUUY,TENUOUSLY,5
EIORRRTTY,TERRITORY,5
EGINRTTUX,TEXTURING,5
EHIIRRSTT,THIRSTIER,5
EHHIIRTTT,THIRTIETH,5
AHILORTTY,THROATILY,5
ABCHKORTW,THROWBACK,5
EEIILMSTT,TIMELIEST,5
EGIINOPTT,TIPTOEING,5
ADEELORTT,TOLERATED,5
BEMNOOSTT,TOMBSTONE,5
DEEMNORTT,TORMENTED,5
FKLNOOSTW,TOWNSFOLK,5
ACIKRSTTU,TRACKSUIT,5
ANOPRRSTT,TRANSPORT,5
AEEMNRTTT,TREATMENT,5
ABIILMRST,TRIBALISM,5
BELNRTTUU,TURBULENT,5
EEHINTTTW,TWENTIETH,5
EEHMNPTTU,UMPTEENTH,5
CHLNOTUUY,UNCOUTHLY,5
BDEEINRTU,UNDERBITE,5
BDDENORUY,UNDERBODY,5
DDELNORSU,UNDERSOLD,5
ADEEHNRTU,UNEARTHED,5
DEEINPRUX,UNEXPIRED,5
EILNRSTUU,UNRULIEST,5
ACEHKLNSU,UNSHACKLE,5
DEIMMNRTU,UNTRIMMED,5
CEELMNOUW,UNWELCOME,5
EINNRTTUW,UNWRITTEN,5
AACCEINTV,VACCINATE,5
ACEMOSTVY,VASECTOMY,5
ADEEEGTTV,VEGETATED,5
EEEELNTVV,VELVETEEN,5
BEIORSTVY,VERBOSITY,5
BEEILSTUV,VESTIBULE,5
ACDEIINTV,VINDICATE,5
GIIINRTVY,VIRGINITY,5
CIIILORTV,VITRIOLIC,5
ACIOORSUV,VORACIOUS,5
AACIOSTTW,WAISTCOAT,5
AADELNSTW,WASTELAND,5
AEEHILRTW,WEALTHIER,5
DEEINRSSW,WEIRDNESS,5
HILLOOPRW,WHIRLPOOL,5
DDHIOOOWW,WIDOWHOOD,5
EILLOPRWW,WILLPOWER,5
ACCEIKRSW,WISECRACK,5
ADHINRTWW,WITHDRAWN,5
ADHINSTTW,WITHSTAND,5
DFHLNOOUW,WOLFHOUND,5
ACEKOPRSW,WORKSPACE,5
EGINNORSW,WORSENING,5
AEGIMMNRY,YAMMERING,5
EEEKOOPRZ,ZOOKEEPER,5
AABDEINST,ABSTAINED,6
AACCEILMT,ACCLIMATE,6
AACIORTTV,ACTIVATOR,6
ACDDGIINT,ADDICTING,6
AACCDEJNY,ADJACENCY,6
ADEENRTUV,ADVENTURE,6
ADEIRSTVY,ADVERSITY,6
AAEFFLNUZ,AFFLUENZA,6
ACCHILLOO,ALCOHOLIC,6
AELLMNOTT,ALLOTMENT,6
ABIIMOSTU,AMBITIOUS,6
AABCELMNU,AMBULANCE,6
AEFIILMPR,AMPLIFIER,6
AACHINRST,ANARCHIST,6
AACHMNNOR,ANCHORMAN,6
ADGNNORYY,ANDROGYNY,6
AOOORRRTW,ARROWROOT,6
AHIIRRSTT,ARTHRITIS,6
ACEHIKORT,ARTICHOKE,6
ACDEGINNS,ASCENDING,6
AACEIOSST,ASSOCIATE,6
ADELRSSUY,ASSUREDLY,6
ABEIRTTTU,ATTRIBUTE,6
ADGILOOUY,AUDIOLOGY,6
ADEEGMNTU,AUGMENTED,6
AEELRSTUY,AUSTERELY,6
AAEGGINRV,AVERAGING,6
AACDEINOV,AVOIDANCE,6
AEELMOSWY,AWESOMELY,6
ABCCKORTU,BACKCOURT,6
ABCDEFIKL,BACKFIELD,6
ABCDEIKLS,BACKSLIDE,6
BCCIILSTY,BICYCLIST,6
ABGIILLNU,BILINGUAL,6
AABDHIORZ,BIOHAZARD,6
ABEHLMPSY,BLASPHEMY,6
ABBDDEMOR,BOMBARDED,6
ABBCIMOST,BOMBASTIC,6
BBEHLLMOS,BOMBSHELL,6
BCDKNOOOS,BOONDOCKS,6
BDEFINORY,BOYFRIEND,6
ABRRSTTUW,BRATWURST,6
ABIILLNRT,BRILLIANT,6
ABCEHKTUW,BUCKWHEAT,6
BDEGINNRU,BURDENING,6
ACDELLOSU,CALLOUSED,6
ACCENORSU,CANCEROUS,6
AACILLPRY,CAPILLARY,6
ACEEGINNR,CAREENING,6
AACDERSTT,CASTRATED,6
AAACCDELV,CAVALCADE,6
ACEENNRTY,CENTENARY,6
ACDEGHINR,CHAGRINED,6
ACFHIILRT,CHAIRLIFT,6
ACEEHLMNO,CHAMELEON,6
ACEEHNOPR,CHAPERONE,6
AAACHLNRT,CHARLATAN,6
ACEFHIINT,CHIEFTAIN,6
CEHHOOPSU,CHOPHOUSE,6
CGHINORSU,CHORUSING,6
ACCEIIMNT,CINEMATIC,6
CCDEIIRTU,CIRCUITED,6
ACEGLMNRY,CLERGYMAN,6
CEGILNOST,CLOSETING,6
BCEHLOSUU,CLUBHOUSE,6
AACGLNOTU,COAGULANT,6
ACIILNOOT,COALITION,6
ACEEGLLOU,COLLEAGUE,6
CILMNOSTU,COLUMNIST,6
CEMOOPRSU,COMPOSURE,6
CCDEEINOT,CONCEITED,6
CCEILNOSY,CONCISELY,6
CCENOORSU,CONCOURSE,6
CCDENOSSU,CONCUSSED,6
CDEENNORS,CONDENSER,6
CCDNOORTU,CONDUCTOR,6
ACDFINNOT,CONFIDANT,6
CEGNNORTU,CONGRUENT,6
CDEENNOST,CONSENTED,6
CCINORSTT,CONSTRICT,6
CDELNOSTU,CONSULTED,6
ACEEOOPRT,COOPERATE,6
ACEOOPRRT,CORPORATE,6
ACDELLORR,CORRALLED,6
CDEOPRRTU,CORRUPTED,6
CEINOORST,CORTISONE,6
AABCGNOUW,COWABUNGA,6
CCDEEHORT,CROCHETED,6
ABDEENTTU,DEBUTANTE,6
ADDEEFNNT,DEFENDANT,6
CDEEFIINT,DEFICIENT,6
ADDEEHRTY,DEHYDRATE,6
ADEEPRRTU,DEPARTURE,6
DEEGINRST,DESERTING,6
DEEINORST,DESERTION,6
ADDEEGLNT,DETANGLED,6
ADENOORTT,DETONATOR,6
ADDEGINOS,DIAGNOSED,6
ADGIINOSS,DIAGNOSIS,6
CDHIMOOTY,DICHOTOMY,6
CDEIORSSU,DISCOURSE,6
CDDEIIRST,DISCREDIT,6
DEFGIIRSU,DISFIGURE,6
CDEFIINST,DISINFECT,6
DDEEILLPS,DISPELLED,6
ADEIIPSST,DISSIPATE,6
DEHLLOOSU,DOLLHOUSE,6
ADDEGNORW,DOWNGRADE,6
DGHINORTW,DOWNRIGHT,6
DEIORSSTW,DROWSIEST,6
CDIKMRSTU,DRUMSTICK,6
DEENRSTYY,DYSENTERY,6
AEEEGNRSS,EAGERNESS,6
AADEEKMRR,EARMARKED,6
CEGILOOST,ECOLOGIST,6
AEEELLMNT,ELEMENTAL,6
EEEEHLRSW,ELSEWHERE,6
AABEMRRSS,EMBARRASS,6
ABDEELMTT,EMBATTLED,6
EEILMNNTY,EMINENTLY,6
CCDEEILNR,ENCIRCLED,6
CEELNORSU,ENCLOSURE,6
DEEMNNOTW,ENDOWMENT,6
AEEGNORTU,ENTOURAGE,6
ADEEENRTT,ENTREATED,6
CEEIILPPT,EPILEPTIC,6
AACDEELST,ESCALATED,6
AAELORTUV,EVALUATOR,6
DEEILNTVY,EVIDENTLY,6
CEIINRSTX,EXTRINSIC,6
ABEENRTUX,EXUBERANT,6
ACEFIILMS,FACSIMILE,6
AACFILORT,FACTORIAL,6
AACEFINST,FASCINATE,6
AFGGIINTU,FATIGUING,6
ADEEFLLRY,FEDERALLY,6
ADDEEEFRT,FEDERATED,6
DEEFNOOST,FESTOONED,6
AFGGIILNN,FINAGLING,6
ACEEFILPR,FIREPLACE,6
AEFIMMNRT,FIRMAMENT,6
AEFHIMNRS,FISHERMAN,6
EFIKLOSST,FOLKSIEST,6
CEEFLOORS,FORECLOSE,6
DEEFFIORT,FORFEITED,6
ACEEEFLNR,FREELANCE,6
AEFRRSTTU,FRUSTRATE,6
AEGGILNST,GANGLIEST,6
AEGGINNRR,GARNERING,6
AEEGGLNOY,GENEALOGY,6
AEEGNORRT,GENERATOR,6
AEEGLMNNT,GENTLEMAN,6
EGGILOOST,GEOLOGIST,6
CEEGIMORT,GEOMETRIC,6
AAEGLRSSW,GLASSWARE,6
BEGLOORTT,GLOBETROT,6
ADEFGHORT,GODFATHER,6
CDFGHILNO,GOLDFINCH,6
AACGHILPR,GRAPHICAL,6
ACDEEHKNY,HACKNEYED,6
AACDFHNRT,HANDCRAFT,6
ADHINNPRT,HANDPRINT,6
ABEGHINRR,HARBINGER,6
ADEHILNRR,HARDLINER,6
AEEFHLRTT,HEARTFELT,6
DGHHIINST,HINDSIGHT,6
BCEHMNOOY,HONEYCOMB,6
AGHLORSSU,HOURGLASS,6
AEHIILMTU,HUMILIATE,6
EGHINRSTU,HUNGRIEST,6
ADHINORTY,HYDRATION,6
DEEGILOOU,IDEOLOGUE,6
EEILMMNSY,IMMENSELY,6
AGIIMMNRT,IMMIGRANT,6
AEGIIMMRT,IMMIGRATE,6
AILLMMORY,IMMORALLY,6
AIIMNOPSS,IMPASSION,6
CCDEEIINN,INCIDENCE,6
CEEIMNNRT,INCREMENT,6
BDEIILLNY,INDELIBLY,6
ADGIINNNT,INDIGNANT,6
ACEILNTXY,INEXACTLY,6
AEFIINRTU,INFURIATE,6
AINNOORTV,INNOVATOR,6
AEIINNPTT,INPATIENT,6
DIIINOSSU,INSIDIOUS,6
AILNNSTTY,INSTANTLY,6
ACEINNRSU,INSURANCE,6
CEIKLNORT,INTERLOCK,6
EEEINNRTV,INTERVENE,6
ADDEIILNV,INVALIDED,6
EINNORTVY,INVENTORY,6
AEIINRRTY,ITINERARY,6
ABCEIJLNU,JUBILANCE,6
AEGIKKMNR,KINGMAKER,6
GIKNOOTWW,KOWTOWING,6
AABDELMST,LAMBASTED,6
ADELMNOOP,LAMPOONED,6
AELMNORWW,LAWNMOWER,6
CEEHLORSU,LECHEROUS,6
EEILLRSUY,LEISURELY,6
ABDEEILRT,LIBERATED,6
GIIILOSTU,LITIGIOUS,6
CEIKLOSTV,LIVESTOCK,6
CHLMNOORU,LUNCHROOM,6
AEGIMMNST,MAGNETISM,6
ACDEIMNRU,MANICURED,6
AEIMMNNRS,MANNERISM,6
AACHIMRRT,MATRIARCH,6
DEILMOOSU,MELODIOUS,6
EEIMMNRRT,MERRIMENT,6
EEEGMNRSS,MESSENGER,6
EEEIMORTT,METEORITE,6
CCIMMOORS,MICROCOSM,6
DEIMMMRSU,MIDSUMMER,6
ADEHILMNS,MISHANDLE,6
FIIMMNORS,MISINFORM,6
ACDEILMPS,MISPLACED,6
ADLMOORTU,MODULATOR,6
EHIMNNOOS,MOONSHINE,6
BEIKMOORT,MOTORBIKE,6
AAEINRRTV,NARRATIVE,6
AEFINORSU,NEFARIOUS,6
CDEEEGLNT,NEGLECTED,6
AELLNRTUY,NEUTRALLY,6
AEENPPRSW,NEWSPAPER,6
AFGHILLNT,NIGHTFALL,6
GGHINNOTW,NIGHTGOWN,6
CDEIIKNPT,NITPICKED,6
ACLNNORTU,NOCTURNAL,6
EINOORTTY,NOTORIETY,6
BEINOOSSS,OBSESSION,6
BDGINORTU,OBTRUDING,6
CCILNOOSU,OCCLUSION,6
ELNOORSUY,ONEROUSLY,6
ENOOPPRTU,OPPORTUNE,6
GIINNOOPT,OPTIONING,6
GHOORTTUW,OUTGROWTH,6
BEMNORTUU,OUTNUMBER,6
IKORSSTTU,OUTSKIRTS,6
AEEEGORRV,OVEREAGER,6
AEEENORTV,OVEREATEN,6
EGILNORVY,OVERLYING,6
EGHINORTV,OVERNIGHT,6
EGINORSUV,OVERUSING,6
AACEEKMPR,PACEMAKER,6
AAEILPPTT,PALPITATE,6
AACGIKNNP,PANCAKING,6
AABCILOPR,PARABOLIC,6
AAEEMPRRT,PARAMETER,6
AACIIPRST,PARASITIC,6
ABDEILOPR,PARBOILED,6
AEGINNPRT,PARENTING,6
AACHILOPR,PAROCHIAL,6
ADEENPRRT,PARTNERED,6
DEEINNOPS,PENSIONED,6
EEHNOPSTU,PENTHOUSE,6
ACCEEHNPR,PERCHANCE,6
ACEELOPRT,PERCOLATE,6
ADEEEMPRT,PERMEATED,6
ADDEEPRSU,PERSUADED,6
AEEIPRSVV,PERVASIVE,6
CDEEIIPST,PESTICIDE,6
AEEHMNNOP,PHENOMENA,6
EEHMNOOPR,PHEROMONE,6
ACEEEILMP,PIECEMEAL,6
AFFIILNPT,PLAINTIFF,6
ACIKLPSTY,PLASTICKY,6
ABEILLPSU,PLAUSIBLE,6
ABILLPSUY,PLAUSIBLY,6
AEHLOPSUY,PLAYHOUSE,6
ADEEEHPRT,PREHEATED,6
ADDEELOPR,PRELOADED,6
CCEOPPRUY,PREOCCUPY,6
CEHLOOPRS,PRESCHOOL,6
AEEIPRRTV,PRIVATEER,6
CDDEEEOPR,PROCEEDED,6
DEEOPRSTT,PROTESTED,6
DDEOPRRTU,PROTRUDED,6
AIIOPRSSS,PSORIASIS,6
CCHIOPSTY,PSYCHOTIC,6
ALMNOPRUY,PULMONARY,6
ADDEPQRUU,QUADRUPED,6
AEINQSTTU,QUAINTEST,6
AADILNRTY,RADIANTLY,6
ADGILOORY,RADIOLOGY,6
AAEIKMNRR,RAINMAKER,6
AFINOOPRR,RAINPROOF,6
AEINPRSTW,RAINSWEPT,6
AALMNPRTY,RAMPANTLY,6
ACNOORRSU,RANCOROUS,6
AABCEELNR,REBALANCE,6
BEEILLNOR,REBELLION,6
ACEEPRRTU,RECAPTURE,6
ACEEGLNRT,RECTANGLE,6
BCEEMNRTU,RECUMBENT,6
DDEEEFINR,REDEFINED,6
CDEEIRTUV,REDUCTIVE,6
CDEEFORSU,REFOCUSED,6
BEEIMRRSU,REIMBURSE,6
AAEIMNPRR,REPAIRMAN,6
EEIIQRSTU,REQUISITE,6
DEEELRSTT,RESETTLED,6
AENOORRST,RESONATOR,6
CDEEORRSU,RESOURCED,6
ACEEFRRSU,RESURFACE,6
CEERRRSTU,RESURRECT,6
EEEINRTTV,RETENTIVE,6
DEEIIRSTV,REVISITED,6
EEINRRTTW,REWRITTEN,6
DEEILRRSS,RIDERLESS,6
ABEIKNRRV,RIVERBANK,6
ABCDKLOOR,ROADBLOCK,6
GHILORSUY,ROGUISHLY,6
DGHHOORSU,ROUGHSHOD,6
ACCEFIIRS,SACRIFICE,6
AADEFGRSU,SAFEGUARD,6
AAALMNRSY,SALARYMAN,6
AAELRSTTW,SALTWATER,6
AACNRSTUY,SANCTUARY,6
AABDLNSST,SANDBLAST,6
AADENPPRS,SANDPAPER,6
ADENNOSST,SANDSTONE,6
AACCIRSST,SARCASTIC,6
AAIINOSTT,SATIATION,6
ABCKOOPRS,SCRAPBOOK,6
ACEGIMMRS,SCRIMMAGE,6
CCEHINRSU,SCRUNCHIE,6
DEEEGMNST,SEGMENTED,6
AELLNSSUY,SENSUALLY,6
AABEELPRS,SEPARABLE,6
CEGIINRSV,SERVICING,6
ADEHKNOSW,SHAKEDOWN,6
EEHIKNPSS,SHEEPSKIN,6
EEHHINOSS,SHOESHINE,6
CEEHIOPSW,SHOWPIECE,6
AEGINRSTU,SIGNATURE,6
ADEEHLRST,SLATHERED,6
AEEKLLPSW,SLEEPWALK,6
DEEHILRST,SLITHERED,6
AEIKNRSST,SNARKIEST,6
EGHIMNOST,SOMETHING,6
EEILMMORS,SOMMELIER,6
FLOORRSUW,SORROWFUL,6
EEGINORSV,SOVEREIGN,6
AAILLPSTY,SPATIALLY,6
AADEEHPRS,SPEARHEAD,6
EEKLNPRSU,SPELUNKER,6
EMNOPRSST,SPORTSMEN,6
ABRRSSTTU,STARBURST,6
AORSTTTUY,STATUTORY,6
ACHLNSTUY,STAUNCHLY,6
AADEFSSTT,STEADFAST,6
DEEEENPST,STEEPENED,6
ACDEHMOST,STOMACHED,6
AELLNOSTW,STONEWALL,6
EMOOORRST,STOREROOM,6
CIILSSTTY,STYLISTIC,6
ABEIMNRSU,SUBMARINE,6
BDEEGMRSU,SUBMERGED,6
BDEIMSTTU,SUBMITTED,6
BCIPRSSTU,SUBSCRIPT,6
BDEISSSTU,SUBSISTED,6
BEMSSSTUY,SUBSYSTEM,6
BDEILSTTU,SUBTITLED,6
AIMMNOSTU,SUMMATION,6
DEFOOPRSU,SUPERFOOD,6
EEIPRSSUZ,SUPERSIZE,6
EELMPRSUY,SUPREMELY,6
ACEGHRRSU,SURCHARGE,6
BCIIMOSTY,SYMBIOTIC,6
EHINSSSTY,SYNTHESIS,6
AABEELRTW,TABLEWARE,6
AABDELTTU,TABULATED,6
AACCIINTT,TACTICIAN,6
AEGGINRTT,TARGETING,6
ADEIMRTXY,TAXIDERMY,6
EEEINSSTT,TEENSIEST,6
AEEHLPTTY,TELEPATHY,6
AEEIMNRTT,TERMINATE,6
EIORRRSTT,TERRORIST,6
EEEFHORRT,THEREFORE,6
CEHIKNSST,THICKNESS,6
EGHHINRST,THRESHING,6
ABCHKMTTU,THUMBTACK,6
DEEGHINTT,TIGHTENED,6
EGHINSSTT,TIGHTNESS,6
EGHIOPRTT,TIGHTROPE,6
CEEEIIMPT,TIMEPIECE,6
ACEHHOOTT,TOOTHACHE,6
EMNOORRTT,TORMENTOR,6
OORRSTTUU,TORTUROUS,6
CDHNOOTUW,TOUCHDOWN,6
EEELOTTTW,TOWELETTE,6
AADEKMRRT,TRADEMARK,6
ADIINORTT,TRADITION,6
AEHIRSSTT,TRASHIEST,6
AACIMRTTU,TRAUMATIC,6
DEHIMPRTU,TRIUMPHED,6
CGINNORTU,TROUNCING,6
ACDKLORTU,TRUCKLOAD,6
ABELNRTTU,TURNTABLE,6
CDEHLNOTU,UNCLOTHED,6
CDEEELNTU,UNELECTED,6
DDEEIMNPU,UNIMPEDED,6
AEILNRSUV,UNIVERSAL,6
DENOOPPSU,UNOPPOSED,6
GHILNSTUY,UNSIGHTLY,6
ABELNNTUY,UNTENABLY,6
GINOOPRTU,UPROOTING,6
ACEHILRUV,VEHICULAR,6
ABEEILRTV,VERITABLE,6
IIILNOSTV,VIOLINIST,6
AEFNORTVW,WAVEFRONT,6
EEGHIIRTW,WEIGHTIER,6
EEHNOPRUW,WHEREUPON,6
ACHIILMSW,WHIMSICAL,6
AEEHLLOSW,WHOLESALE,6
AEEIKMNRW,WINEMAKER,6
DHIMORSTW,WORDSMITH,6
ACEKLOPRW,WORKPLACE,6
EIMOORRSW,WORRISOME,6
BEEHNOOPX,XENOPHOBE,6
CIIMNORUZ,ZIRCONIUM,6
ACCEORSSY,ACCESSORY,7
AAACILRTU,ACTUARIAL,7
ADIIMNOSS,ADMISSION,7
ADDHLOOTU,ADULTHOOD,7
AEFNNOORT,AFTERNOON,7
AADDEEHIR,AIRHEADED,7
AAABELRST,ALABASTER,7
AEELNRSST,ALERTNESS,7
ADEGILNOS,ALONGSIDE,7
AHMOOPRSU,AMORPHOUS,7
ADEILMPTU,AMPLITUDE,7
AACDELNOT,ANECDOTAL,7
AELMNNNTU,ANNULMENT,7
AEEINOPPT,APPOINTEE,7
AANORSTTU,ASTRONAUT,7
AEIRSTTUY,AUSTERITY,7
AAMNOOTTU,AUTOMATON,7
ABDIMNNOT,BADMINTON,7
AABEILLNR,BALLERINA,7
ABMNORRST,BARNSTORM,7
AABBDEORS,BASEBOARD,7
BDDDEEINR,BEDRIDDEN,7
ABCEEHLLY,BELLYACHE,7
ABCEFIRTU,BIFURCATE,7
BHIILLNOT,BILLIONTH,7
BHILMNOTY,BIMONTHLY,7
BDEHIORSU,BIRDHOUSE,7
BDEILLNOO,BLOODLINE,7
BDLLOOSTU,BLOODLUST,7
BEILRRSTU,BLURRIEST,7
ABDEKNORW,BREAKDOWN,7
ABDEEFRST,BREASTFED,7
ABCEEFIRS,BRIEFCASE,7
AACDDEINT,CANDIDATE,7
AACCILNNO,CANONICAL,7
ACEINORRV,CARNIVORE,7
ACEENPRRT,CARPENTER,7
AACEGILRT,CARTILAGE,7
ACDEGIRRT,CARTRIDGE,7
AACEGISTT,CASTIGATE,7
AACCINOTT,CATATONIC,7
AACCHIRTT,CATHARTIC,7
ACCGINSUU,CAUCUSING,7
ACEINRTTY,CERTAINTY,7
ACEHILMMO,CHAMOMILE,7
AACCEHRRT,CHARACTER,7
ACEHILMRT,CHEMTRAIL,7
ACCDEHILR,CHILDCARE,7
AACDHILMY,CHLAMYDIA,7
CDEHHKLOO,CHOKEHOLD,7
CCHIKOPST,CHOPSTICK,7
ACEEGIRTT,CIGARETTE,7
AACELMSST,CLASSMATE,7
CDEEIOSTX,COEXISTED,7
CEGIINOTV,COGNITIVE,7
ACILMMOTT,COMMITTAL,7
CCEEGINOR,CONCIERGE,7
CCIINNOOS,CONCISION,7
CDEIMNNOT,CONDIMENT,7
CCDEINOUV,CONDUCIVE,7
CEFNOORSS,CONFESSOR,7
CDEFINNOT,CONFIDENT,7
ACELNOSTU,CONSULATE,7
CDMNNORUU,CONUNDRUM,7
ACIILNOVV,CONVIVIAL,7
CGHIOPRTY,COPYRIGHT,7
ACEMNNORR,CORNERMAN,7
CDEIIQRTU,CRITIQUED,7
ACCILLRUY,CRUCIALLY,7
CCEGINORY,CRYOGENIC,7
ACDEILRTU,CURTAILED,7
ABCELLRUV,CURVEBALL,7
CDEHINOSU,CUSHIONED,7
CEEISSTTU,CUTESIEST,7
ACDDHHNSU,DACHSHUND,7
ADDEEILST,DEADLIEST,7
ACDEHLNOT,DECATHLON,7
ADEEEGRRS,DEGREASER,7
ADEEEILNT,DELINEATE,7
ACDEEEPRT,DEPRECATE,7
ACDEEERST,DESECRATE,7
ADEEGINST,DESIGNATE,7
ADEEEPRST,DESPERATE,7
ACDEORRTT,DETRACTOR,7
DEEIMNRTT,DETRIMENT,7
DEGIINOST,DIGESTION,7
DEIIMNNOS,DIMENSION,7
ACDILMOPY,DIPLOMACY,7
ABDDEIRRS,DISBARRED,7
BDEEFIILS,DISBELIEF,7
ADEEGGINS,DISENGAGE,7
ACDEILOST,DISLOCATE,7
ADIILMSSS,DISMISSAL,7
ADDEGIRRS,DISREGARD,7
ACDDEINST,DISTANCED,7
DEEILRSVY,DIVERSELY,7
ACDEIMNNO,DOMINANCE,7
DDEFILNOW,DOWNFIELD,7
ADEEIRRST,DREARIEST,7
DHOPRSTYY,DYSTROPHY,7
CEGIIOSTT,EGOTISTIC,7
CEEFILRTY,ELECTRIFY,7
AEEIILMNT,ELIMINATE,7
ACDEEILTU,ELUCIDATE,7
AAEIMNNOT,EMANATION,7
ABDEEGMOR,EMBARGOED,7
AEILMNOOT,EMOTIONAL,7
ACEIILMPR,EMPIRICAL,7
ACEMNOPSS,ENCOMPASS,7
ACEGHINNN,ENHANCING,7
DEEHINNRS,ENSHRINED,7
AEEEMNRTU,ENUMERATE,7
AEEEHLMPR,EPHEMERAL,7
AACDEEIRT,ERADICATE,7
DEIINORTU,ERUDITION,7
AEEGINOPS,ESPIONAGE,7
ACEHILLTY,ETHICALLY,7
CEHIINTTY,ETHNICITY,7
CDDEEEINV,EVIDENCED,7
ADEEHOSWY,EYESHADOW,7
ADEFILMSU,FEUDALISM,7
ACFIILNOT,FICTIONAL,7
ACDFIIRUY,FIDUCIARY,7
EFGIINNSS,FINESSING,7
EEFHIORSU,FIREHOUSE,7
BFINORRST,FIRSTBORN,7
AABDEFLRT,FLATBREAD,7
ADEFILLNT,FLATLINED,7
CFIKLLNOT,FLINTLOCK,7
FINOOPRTT,FOOTPRINT,7
BDDEFINOR,FORBIDDEN,7
DEFIORTTU,FORTITUDE,7
AAEFLNRRT,FRATERNAL,7
EEEFLRSTY,FREESTYLE,7
ACEFIKRTU,FRUITCAKE,7
AEFILMNTU,FULMINATE,7
CDEFGIINU,FUNGICIDE,7
ADEGHINRS,GARNISHED,7
CEEFGLNTU,GENUFLECT,7
ADEEGGGOT,GEOTAGGED,7
ACEGIIRRT,GERIATRIC,7
AEEGLMNRY,GERMANELY,7
ABGILLOST,GLOBALIST,7
DEGILNOSS,GODLINESS,7
DEGHMOORT,GODMOTHER,7
AAEGLNRTU,GRANULATE,7
ADEGIRTTU,GRATITUDE,7
DEGHNORUY,GREYHOUND,7
EGMMNOORS,GROOMSMEN,7
DEGNOPRUW,GUNPOWDER,7
AGIMMNSUY,GYMNASIUM,7
AEHILNOST,HAILSTONE,7
ACEEHIIPR,HAIRPIECE,7
AHIILOSST,HALITOSIS,7
AABDEHLNR,HANDLEBAR,7
AACDEEHPS,HEADSPACE,7
ACEEHLLPS,HELLSCAPE,7
BBGHILNOO,HOBGOBLIN,7
ADEEHMOST,HOMESTEAD,7
BEEHLOPRY,HYPERBOLE,7
EIIMMNORS,IMMERSION,7
DEIMMOSTY,IMMODESTY,7
ACFILMPTU,IMPACTFUL,7
EIMOPSTUU,IMPETUOUS,7
IMMOPPRTU,IMPROMPTU,7
ABDEIILNU,INAUDIBLE,7
ABCILNRUY,INCURABLY,7
ABEEIINRT,INEBRIATE,7
AEFILNNUZ,INFLUENZA,7
EGIINNOST,INGESTION,7
BHIIINORT,INHIBITOR,7
CCEEINNNO,INNOCENCE,7
CINNOOSUU,INNOCUOUS,7
EIINSTTTU,INSTITUTE,7
ACEEFINRT,INTERFACE,7
EINPRRTTU,INTERRUPT,7
CEEINRSTT,INTERSECT,7
EEIINNSTT,INTESTINE,7
EINORRTTV,INTROVERT,7
IINNORSTU,INTRUSION,7
AADEIIRRT,IRRADIATE,7
AEIINORTT,ITERATION,7
AEEIIRTTV,ITERATIVE,7
EHIKLORTZ,KILOHERTZ,7
ABHILNRTY,LABYRINTH,7
AACDELNPS,LANDSCAPE,7
ADDEILLNS,LANDSLIDE,7
AAGIKLMNW,LAWMAKING,7
ADEEGLNRY,LEGENDARY,7
BEELORTTX,LETTERBOX,7
AABIILNRR,LIBRARIAN,7
BDEFILLOO,LIFEBLOOD,7
EEFILLSTY,LIFESTYLE,7
AGIILORTT,LITIGATOR,7
BEGILRTTU,LITTERBUG,7
AEHLMOOST,LOATHSOME,7
DEELNOOST,LODESTONE,7
EGILNOTVY,LONGEVITY,7
CDILORSUU,LUDICROUS,7
AAEFIMMNR,MAINFRAME,7
AAEEGMNNS,MANGANESE,7
AAAGIMRRT,MARGARITA,7
AAILMPRSU,MARSUPIAL,7
ADMMORRTY,MARTYRDOM,7
AEEGHMRTZ,MEGAHERTZ,7
AADELMMOR,MELODRAMA,7
ACDEIMNTY,MENDACITY,7
AELMNRSTU,MENSTRUAL,7
ACEEMNRRY,MERCENARY,7
AADEEHLMT,METALHEAD,7
CFIILMMOR,MICROFILM,7
ACEIMORVW,MICROWAVE,7
ADDEILMMN,MIDDLEMAN,7
AGIILLMMR,MILLIGRAM,7
IILLLMOTV,MILLIVOLT,7
AEIMMNNTU,MINUTEMAN,7
EEIMMNNTU,MINUTEMEN,7
AEHIMNPSS,MISSHAPEN,7
DEIMNORTY,MODERNITY,7
ACDEMOORT,MOTORCADE,7
ACEKKMRRU,MUCKRAKER,7
AIKLMSTTU,MULTITASK,7
ADELMNNUY,MUNDANELY,7
ACIILMNPU,MUNICIPAL,7
AGHILNTUY,NAUGHTILY,7
AABEGILNV,NAVIGABLE,7
AADEGINTV,NAVIGATED,7
ACEENRSSY,NECESSARY,7
CEEINSSTY,NECESSITY,7
DEEKNORTW,NETWORKED,7
AEFHLNSSW,NEWSFLASH,7
AEMNNOSWW,NEWSWOMAN,7
EEMNNOSWW,NEWSWOMEN,7
EFIINNSST,NIFTINESS,7
BCGHILNTU,NIGHTCLUB,7
AEGHIMNRT,NIGHTMARE,7
EEHIINNTT,NINETIETH,7
EHLNORRTY,NORTHERLY,7
BDEEELNOS,NOSEBLEED,7
DEHINORSU,NOURISHED,7
DEFIILLNU,NULLIFIED,7
BCDEEEINO,OBEDIENCE,7
ABCEFOSTU,OBFUSCATE,7
BCEINOSTY,OBSCENITY,7
BCELORSUY,OBSCURELY,7
ABEINOSTT,OBSTINATE,7
BEIORSTUV,OBTRUSIVE,7
FFGINOPRS,OFFSPRING,7
GILLOOOPY,OLIGOPOLY,7
ELLNOPTUY,OPULENTLY,7
AAILOORRT,ORATORIAL,7
ACDEINNOR,ORDINANCE,7
AAEGHNOPR,ORPHANAGE,7
DOOORSTUY,OUTDOORSY,7
AEEORRTUW,OUTERWEAR,7
CELMOSTUU,OUTMUSCLE,7
ABDEEKORV,OVERBAKED,7
BEILORTUV,OVERBUILT,7
AEIMMNOPT,PANTOMIME,7
AACDEIMPR,PARAMEDIC,7
AACHIPRRT,PATRIARCH,7
AAENPRSTY,PEASANTRY,7
ADEEGGOPU,PEDAGOGUE,7
CEEEINNPT,PENITENCE,7
EEIKNNPSV,PENKNIVES,7
EEINOPPPR,PEPPERONI,7
AEEILNNPR,PERENNIAL,7
DEEIPRSST,PERSISTED,7
EFINOPRSY,PERSONIFY,7
EELNNOPRS,PERSONNEL,7
EIIMMPSSS,PESSIMISM,7
ACEELNPTU,PETULANCE,7
BBHMOOOPT,PHOTOBOMB,7
ADEGIILPT,PIGTAILED,7
DEIILLOPR,PILLORIED,7
ADDEEHINP,PINHEADED,7
ACHIIOPST,PISTACHIO,7
CDEHIIPST,PITCHSIDE,7
AIIPRTTUY,PITUITARY,7
AGHILNPTY,PLAYTHING,7
ADEELPRSU,PLEASURED,7
AILLPRTUY,PLURALITY,7
ACEILNOPR,PORCELAIN,7
FILOOOPRT,PORTFOLIO,7
AEGGIMNPR,PREGAMING,7
CEEELPRST,PRESELECT,7
ACEEOPRRT,PROCREATE,7
EIMNNOPRT,PROMINENT,7
AAEGOPPRT,PROPAGATE,7
CEEOPRSTU,PROSECUTE,7
AEOPRRSTT,PROSTRATE,7
EOOPRRSTT,PROTESTOR,7
EOOPPRTTY,PROTOTYPE,7
DELNPRTUY,PRUDENTLY,7
DEMNOPSUY,PSEUDONYM,7
DEILNOPRU,PURLOINED,7
AAIMNOPRY,PYROMANIA,7
AAEINRRTW,RAINWATER,7
AOPRRSTUU,RAPTUROUS,7
AEINPRSSS,RASPINESS,7
ACEEIQRRU,REACQUIRE,7
AADDEEPRT,READAPTED,7
BDEEILRRU,REBUILDER,7
CEEINORSS,RECESSION,7
CEEIINPRT,RECIPIENT,7
CEINORRSU,RECURSION,7
ADEEHRRTY,REHYDRATE,7
DEEIMOPRS,REIMPOSED,7
CEEFINORR,REINFORCE,7
ADDEEINRV,REINVADED,7
ACEELNRVY,RELEVANCY,7
ADEEEIMRT,REMEDIATE,7
AEEIMNPRR,REPAIRMEN,7
ADEEHPRRS,REPHRASED,7
ACEEILPRT,REPLICATE,7
ADEIMNPRR,REPRIMAND,7
AEGMOPRRR,REPROGRAM,7
AEEEELRRS,RERELEASE,7
DEEGINNRS,RESENDING,7
EEFLNRSTU,RESENTFUL,7
EEIILNRST,RESILIENT,7
ACEENNORS,RESONANCE,7
EEGNRRSTU,RESURGENT,7
CCEEEINRT,RETICENCE,7
EGIINNRTU,REUNITING,7
GHIMORSTT,RIGHTMOST,7
CEGHKNORU,ROUGHNECK,7
DMNOORRUW,ROUNDWORM,7
AEEILLSTT,SATELLITE,7
AACEGOPST,SCAPEGOAT,7
CEHILNSTZ,SCHNITZEL,7
CIILOOSSS,SCOLIOSIS,7
CDELNORSU,SCOUNDREL,7
ACCEENPRS,SCREENCAP,7
ABCDLNRSU,SCRUBLAND,7
CEILNOSSU,SECLUSION,7
ADEENRSTY,SEDENTARY,7
EEIMNNSTT,SENTIMENT,7
CEHIKPRSW,SHIPWRECK,7
ACDEHOSSW,SHOWCASED,7
DEEHRSSTW,SHREWDEST,7
DDEEIILNS,SIDELINED,7
EILMNOPST,SIMPLETON,7
AILMORSTU,SIMULATOR,7
EEHINSTTX,SIXTEENTH,7
EGGHIILNS,SLEIGHING,7
EGHILNSTU,SLEUTHING,7
EHMOOSSTT,SMOOTHEST,7
AEIKKNNSS,SNAKESKIN,7
BEIOQRSTU,SOBRIQUET,7
CFIIOOPRS,SOPORIFIC,7
EHLORSTUY,SOUTHERLY,7
ADHORSTUW,SOUTHWARD,7
AACEKLPSW,SPACEWALK,7
AEFHIPRSS,SPEARFISH,7
ACCEELPST,SPECTACLE,7
ACDEEPSTT,SPECTATED,7
ABDEELLPS,SPEEDBALL,7
ACEHILPRS,SPHERICAL,7
BILLNOOPS,SPOONBILL,7
ACEHIRRST,STARCHIER,7
AEEMNSSTT,STATESMEN,7
AABEMOSTT,STEAMBOAT,7
EIILRSTTY,STERILITY,7
BILLNORST,STILLBORN,7
AILMNSTTU,STIMULANT,7
CEIKLOPST,STOCKPILE,7
ACDKORSTY,STOCKYARD,7
ABDIMNOSU,SUBDOMAIN,7
BEILLMSUY,SUBLIMELY,7
BBCEIRSSU,SUBSCRIBE,7
BEFOORSUW,SUBWOOFER,7
ABEHNRSTU,SUNBATHER,7
CDEEEPRSU,SUPERCEDE,7
EEGLPRSUU,SUPERGLUE,7
DEENRRRSU,SURRENDER,7
ADLOPRSWY,SWORDPLAY,7
DEMNORSSW,SWORDSMEN,7
ACHNOPSTY,SYCOPHANT,7
CEIMMRSTY,SYMMETRIC,7
AEGGNOSUY,SYNAGOGUE,7
CEHINSTTY,SYNTHETIC,7
AADEGILTT,TAILGATED,7
AAINNORTT,TARNATION,7
EIMORRRST,TERRORISM,7
EEHHIRTTW,THEREWITH,7
DEEFHLORT,THREEFOLD,7
DEHHLORST,THRESHOLD,7
ABHILMNTU,THUMBNAIL,7
AEIILLTTT,TITILLATE,7
ABELLORTY,TOLERABLY,7
CEHILNOTU,TOUCHLINE,7
ACDENNRST,TRANSCEND,7
EILNRSTTU,TURNSTILE,7
AIIMNNTUY,UNANIMITY,7
CDEEINTUX,UNEXCITED,7
ADELNPSTU,UNSTAPLED,7
DEIINSTTU,UNTIDIEST,7
DDENNORTU,UNTRODDEN,7
HILRSTUUV,VULTURISH,7
AEIILNSTW,WAISTLINE,7
AAFFISTTW,WAITSTAFF,7
AABDEKORW,WAKEBOARD,7
AEGMNORRW,WARMONGER,7
AEFLORTWW,WATERFOWL,7
BDENOSTUW,WESTBOUND,7
EIIMNPSSW,WIMPINESS,7
EEILNORVW,WOLVERINE,7
ABDINRSTW,WRISTBAND,7
EEGIISTTZ,ZEITGEIST,7
AABCEENRR,ABERRANCE,8
ABDIRSSTU,ABSURDIST,8
ADEMNNORT,ADORNMENT,8
AACEEOPRS,AEROSPACE,8
AEEFFILRT,AFTERLIFE,8
AEGGORRSS,AGGRESSOR,8
AABLORSST,ALBATROSS,8
ACEHILMST,ALCHEMIST,8
AAEELNRTT,ALTERNATE,8
AADEMNPRS,AMPERSAND,8
AEEMMNSTU,AMUSEMENT,8
AACELNRST,ANCESTRAL,8
AIINRSTUV,ANTIVIRUS,8
ADEEHNPPR,APPREHEND,8
AADILLMOR,ARMADILLO,8
AADEGINRR,ARRAIGNED,8
AACEGNORR,ARROGANCE,8
ACHIIRRTT,ARTHRITIC,8
AACHIMSTT,ASTHMATIC,8
AEMMRSTYY,ASYMMETRY,8
ACIOORSTU,ATROCIOUS,8
ADEHIOPRT,ATROPHIED,8
ACEHINTTU,AUTHENTIC,8
AACCORTUY,AUTOCRACY,8
AILOOPTTU,AUTOPILOT,8
ABBCDEERU,BARBECUED,8
ABDEENRRT,BARTENDER,8
ABBEEORTX,BEATBOXER,8
BCEIIMORT,BIOMETRIC,8
BEEHIOPRS,BIOSPHERE,8
ABEINOOPW,BIOWEAPON,8
AABELORTW,BLOATWARE,8
BEILNPRTU,BLUEPRINT,8
ABEGMNOOR,BOOMERANG,8
AABCILNOT,BOTANICAL,8
ABDELORUV,BOULEVARD,8
BEGIOORSU,BOURGEOIS,8
ABLNOTUYY,BUOYANTLY,8
ABDENRSTY,BYSTANDER,8
ACCDEMORR,CAMCORDER,8
ACDELOOPR,CARPOOLED,8
ACEEHLRTW,CARTWHEEL,8
AACDEHLRT,CATHEDRAL,8
ACEEEFIRS,CEASEFIRE,8
CDEEEINPT,CENTIPEDE,8
ACCEHINRY,CHICANERY,8
ACCDEEHIK,CHICKADEE,8
ACDEHILLX,CHILLAXED,8
ACHILRSSY,CHRYSALIS,8
ACCEILRTU,CIRCULATE,8
CEIINRTYZ,CITIZENRY,8
CFHILNOSW,CLOWNFISH,8
ACCDEELOS,COALESCED,8
ABCDEHIOT,COHABITED,8
CCEEEHNOR,COHERENCE,8
ACEGILLLO,COLLEGIAL,8
CELMOOSSU,COLOSSEUM,8
CEMMNOOST,COMMONEST,8
CDEINOSST,CONSISTED,8
CDENORSTU,CONSTRUED,8
CIMNNOTUU,CONTINUUM,8
ACEGORRTU,CORRUGATE,8
ACMNOOSTU,COSMONAUT,8
ACDILOSTU,CUSTODIAL,8
ACDINOSTU,CUSTODIAN,8
ACCDEHIKR,DECKCHAIR,8
ADDEENRTU,DENATURED,8
DEINRSTTY,DENTISTRY,8
ACCDEIILT,DIALECTIC,8
ADGIINRTY,DIGNITARY,8
ADEILMNST,DISMANTLE,8
ADEEILPSS,DISPLEASE,8
ACDEOORTT,DOCTORATE,8
ABDDEGLLO,DODGEBALL,8
ADHIOPRSY,DYSPHORIA,8
ADEEOPRSV,EAVESDROP,8
CEEMOSSTY,ECOSYSTEM,8
AACEGIMNO,EGOMANIAC,8
EEGGIORSU,EGREGIOUS,8
AEEHMMPSY,EMPHYSEMA,8
CDEENPRTY,ENCRYPTED,8
ACDEENNRU,ENDURANCE,8
CEEEGINRT,ENERGETIC,8
ACEGIIMNT,ENIGMATIC,8
DEENRSTTU,ENTRUSTED,8
ACEEINNTU,ENUNCIATE,8
EENOORRSU,ERRONEOUS,8
EEHILRSTW,ERSTWHILE,8
AACELORST,ESCALATOR,8
CEGINORSW,ESCROWING,8
ACEEIORST,ESOTERICA,8
BDEEORVYY,EVERYBODY,8
ADEFHLOOS,FALSEHOOD,8
EFILNOOSU,FELONIOUS,8
ADEFILSTU,FEUDALIST,8
EFGIINPRT,FINGERTIP,8
ADEFGLOOT,FLOODGATE,8
AAGILLNTV,GALLIVANT,8
ADGOOPRST,GASTROPOD,8
AEGIILNTY,GENIALITY,8
GIMNOORSU,GINORMOUS,8
AEEGINPRV,GRAPEVINE,8
ACEEGINRV,GRIEVANCE,8
AACEGLMOU,GUACAMOLE,8
AAEEGNRTU,GUARANTEE,8
AAGNORRTU,GUARANTOR,8
DEEGIILNU,GUIDELINE,8
AGHIMNRST,HAMSTRING,8
AACDEFHRS,HEADSCARF,8
ABEHNRRTU,HEARTBURN,8
AEFHOOPRT,HEATPROOF,8
ABEHILRST,HERBALIST,8
AEEEFHRRT,HEREAFTER,8
EEHMNOORW,HOMEOWNER,8
CEHOOOPRS,HOROSCOPE,8
AEHLOPRSY,HORSEPLAY,8
DDEHHNRTU,HUNDREDTH,8
AADEGHNRY,HYDRANGEA,8
ACDHILRUY,HYDRAULIC,8
CEHIOPRTY,HYPOCRITE,8
ACEGINNOR,IGNORANCE,8
AABCEILMN,IMBALANCE,8
BGIILMOOR,IMBROGLIO,8
CCEINORRT,INCORRECT,8
ABCINORTU,INCUBATOR,8
ACDIINORT,INDICATOR,8
DEGILNNTU,INDULGENT,8
ADEGIINNR,INGRAINED,8
EHIINORRT,INHERITOR,8
EIINNSSTT,INSISTENT,8
BEILLNOSU,INSOLUBLE,8
ACIIMNNOS,INSOMNIAC,8
AEGIINSTT,INSTIGATE,8
AEEGINRTT,INTEGRATE,8
DEEILNRTU,INTERLUDE,8
ACCIINRTY,INTRICACY,8
ACEIINRTT,INTRICATE,8
ABCEIILRS,IRASCIBLE,8
AEEIINRTT,ITINERATE,8
ACDIKKNST,KICKSTAND,8
CEGHIKNTV,KVETCHING,8
AAILMNORT,LAMINATOR,8
ADELNNORW,LANDOWNER,8
ABELNOSYZ,LAZYBONES,8
EGHILLNTY,LENGTHILY,8
ACEGHILRT,LETHARGIC,8
ADEFGILRU,LIFEGUARD,8
CHILLNOOT,LOINCLOTH,8
ABCILNRTU,LUBRICANT,8
ABCEILRTU,LUBRICATE,8
CEHILMNTU,LUNCHTIME,8
AELMMORST,MAELSTROM,8
ADEGIMNTU,MAGNITUDE,8
AAGILMNNT,MALIGNANT,8
AAEGIMNRR,MARGARINE,8
AELMMOSUU,MAUSOLEUM,8
AEEEGIMNR,MENAGERIE,8
ACEILMRRU,MERCURIAL,8
CCHIIMOPR,MICROCHIP,8
DEEIILLMP,MILLIPEDE,8
CEILMNSUU,MINUSCULE,8
ACEIMNRST,MISCREANT,8
ADEILMPSY,MISPLAYED,8
DEIMNORST,MODERNIST,8
AEGHINRTU,NAUGHTIER,8
AADEENSTU,NAUSEATED,8
AAGINORTV,NAVIGATOR,8
EGLNOORUY,NEUROLOGY,8
EEGINNRTU,NEUTERING,8
AEEKMNRSW,NEWSMAKER,8
EINNPRSTW,NEWSPRINT,8
ACDEIKMNN,NICKNAMED,8
AEIMNORTV,NORMATIVE,8
DEEGGMNTU,NUTMEGGED,8
BINOORSTU,OBTRUSION,8
CGILNOPTU,OCTUPLING,8
ACFLOORTY,OLFACTORY,8
ACGHILORY,OLIGARCHY,8
AGHLNOSTU,ONSLAUGHT,8
EMOOPRTTY,OPTOMETRY,8
EGIINNORT,ORIENTING,8
EMOORSTTU,OUTERMOST,8
AADEHLNNP,PANHANDLE,8
AACIMNOPR,PANORAMIC,8
AAAEGLLPR,PARALEGAL,8
AEEGNPRSS,PASSENGER,8
AELMNOPRT,PATROLMEN,8
ACEEEIMPT,PEACETIME,8
ACDEGGIOP,PEDAGOGIC,8
CDDEEIPRU,PEDICURED,8
DEEEMOPRT,PEDOMETER,8
AEILNNPSU,PENINSULA,8
CEEEPRSTU,PERSECUTE,8
ACEIOPTTT,PETTICOAT,8
AEHHOPPST,PHOSPHATE,8
BEHOOPTTU,PHOTOTUBE,8
ACHIINPSY,PHYSICIAN,8
EIINPPRST,PINSTRIPE,8
DEEEINOPR,PIONEERED,8
EEIOPRTTU,PIROUETTE,8
AAELNPRTY,PLANETARY,8
ADEILPTTU,PLATITUDE,8
ILMNOPTUU,PLUTONIUM,8
ACEIMNPTU,PNEUMATIC,8
ACEILLMOP,POLEMICAL,8
AEILLNOPT,POLLINATE,8
ALMOOPRYY,POLYAMORY,8
AIMOPSSTU,POTASSIUM,8
AEFLPRRUY,PRAYERFUL,8
ACDEEIPRT,PREDICATE,8
DEEEIMPRR,PREMIERED,8
ADEINOPRR,PREORDAIN,8
DEEINPRST,PRESIDENT,8
CDEOOPRRT,PROCTORED,8
CEHIOPPRT,PROPHETIC,8
BCEENPSTU,PUBESCENT,8
ACENPRSUU,PURSUANCE,8
ACEEHORRS,RACEHORSE,8
ACENORRTU,RACONTEUR,8
AIMNORRST,RAINSTORM,8
ACEIILRST,REALISTIC,8
AAEEIMNRT,REANIMATE,8
CEEEIRSSV,RECESSIVE,8
CCEEILNOR,RECONCILE,8
ACEEFINNR,REFINANCE,8
AEGIRRRST,REGISTRAR,8
ABBEGHINR,REHABBING,8
DEEGIINRT,REIGNITED,8
DEEINRRSU,REINSURED,8
ACELNRTTU,RELUCTANT,8
CEEIIMNRS,REMINISCE,8
EEOPRRRSS,REPRESSOR,8
AEGNNPRTU,REPUGNANT,8
EEOPPRRSU,REPURPOSE,8
AEFILQRUY,REQUALIFY,8
EEIORRRSV,RESERVOIR,8
CDEEINRSY,RESIDENCY,8
AEEILRRTV,RETRIEVAL,8
DEEFIINRU,REUNIFIED,8
EGHIORSTU,RIGHTEOUS,8
CDEIKLORS,ROCKSLIDE,8
EENORSTTT,ROTTENEST,8
FOOPRRSTU,RUSTPROOF,8
ACEEGILRS,SACRILEGE,8
CDEIORSSS,SCISSORED,8
ACCDEORRS,SCORECARD,8
AACDPRRSY,SCRAPYARD,8
CEEORRSTY,SECRETORY,8
ACELLRSUY,SECULARLY,8
AEEEGGRST,SEGREGATE,8
ABCEELMNS,SEMBLANCE,8
EEIINSSTV,SENSITIVE,8
CDEEENNST,SENTENCED,8
DEELPPSTU,SEPTUPLED,8
ACEHKORST,SHORTCAKE,8
AHHIORRST,SHORTHAIR,8
EHILLRSST,SHRILLEST,8
EEGHIRSST,SIGHTSEER,8
IIINSSSTU,SINUSITIS,8
EIKRRSTWY,SKYWRITER,8
AABEEGLSZ,SLEAZEBAG,8
ABEILLLMS,SLIMEBALL,8
GHILNOSST,SLINGSHOT,8
ABEEIKNST,SNAKEBITE,8
CIILOORST,SOLICITOR,8
IILMOPSSS,SOLIPSISM,8
DGHOORSUU,SOURDOUGH,8
ACEHIPPSS,SPACESHIP,8
ACEIPSSTU,SPACESUIT,8
AEIMNPRST,SPEARMINT,8
ACEOPRSTT,SPECTATOR,8
BDEILLNPS,SPELLBIND,8
CEHINPRST,SPHINCTER,8
AIILPRSTU,SPIRITUAL,8
ACEGIRSTT,STRATEGIC,8
EFLRSSSTU,STRESSFUL,8
AFMOORSTY,STYROFOAM,8
ABERSSTTU,SUBSTRATE,8
ADENNNSTU,SUNTANNED,8
EEFINPRSU,SUPERFINE,8
AEEHPRSTU,SUPERHEAT,8
ACEMPRSUY,SUPREMACY,8
ADEINSSTU,SUSTAINED,8
AEHOPSSTW,SWEATSHOP,8
GILLMOSSY,SYLLOGISM,8
ADEHINRST,TARNISHED,8
AEEGHLPRT,TELEGRAPH,8
CEEELOPST,TELESCOPE,8
DEEEILSTV,TELEVISED,8
AEFMORRRT,TERRAFORM,8
AEIMRRRTU,TERRARIUM,8
EIMNOSTTY,TESTIMONY,8
AEHIPRSTT,THERAPIST,8
DDEEOOPRT,TORPEDOED,8
AFMNORRST,TRANSFORM,8
ADEERRSTV,TRAVERSED,8
AEERRRSTU,TREASURER,8
BCEEHRTTU,TREBUCHET,8
ABNORTTUU,TURNABOUT,8
ADDEGNRRU,UNDERGRAD,8
ACEHILNTU,UNETHICAL,8
DEEIMNRTU,UNMERITED,8
EFHILNSSU,UNSELFISH,8
AEEILNTTV,VENTILATE,8
ABEILRTVY,VERITABLY,8
ADEEIOPTV,VIDEOTAPE,8
ACEGIILNV,VIGILANCE,8
EELNORTUV,VOLUNTEER,8
EIMORSUVY,VOYEURISM,8
DHIOOSTTW,WITHSTOOD,8
ACDIKRSTY,YARDSTICK,8
EGNORSTUY,YOUNGSTER,8
ABEINNSTT,ABSTINENT,9
ACDEEEHNR,ADHERENCE,9
ACEEHISTT,AESTHETIC,9
AEFGLORTW,AFTERGLOW,9
AEEEGMNRT,AGREEMENT,9
ADEFIILRT,AIRLIFTED,9
AABCEGILR,ALGEBRAIC,9
ACEGILLOR,ALLEGORIC,9
AABCEINOR,ANAEROBIC,9
AEFGHILNS,ANGELFISH,9
AEIMNNOTV,ANTIVENOM,9
ABEMORRTU,ARBORETUM,9
ACCEHIRTT,ARCHITECT,9
ACEIIMRST,ARMISTICE,9
AEILLRRTY,ARTILLERY,9
AAAILNRST,ARTISANAL,9
AMNOORSTY,ASTRONOMY,9
ADEIOPSTU,AUTOPSIED,9
ACEKRSTUW,AWESTRUCK,9
AAAHLLOTY,AYATOLLAH,9
AABEELPST,BASEPLATE,9
AABEKLNST,BEANSTALK,9
ABEEHILTT,BIATHLETE,9
BCEHIIOST,BIOETHICS,9
ABDEHIRTT,BIRTHDATE,9
ABEILRRYZ,BIZARRELY,9
ABCDDEFLO,BOLDFACED,9
BEIMNORST,BRIMSTONE,9
ABCCEENRU,BUCCANEER,9
ACDEILLNT,CANDLELIT,9
ACEENNNOR,CANNONEER,9
AACCIOPRT,CAPACITOR,9
ACEEGIRRV,CAREGIVER,9
AACCILTTY,CATALYTIC,9
AACELRTUW,CATERWAUL,9
AACHIRSST,CATHARSIS,9
CCEHILNOR,CHRONICLE,9
CEEHIILNP,CINEPHILE,9
AACCDIINR,CIRCADIAN,9
CHIIORRSS,CIRRHOSIS,9
ACCEIPSTY,CITYSCAPE,9
CEEEILLNT,CLIENTELE,9
ACDELNNOO,COLONNADE,9
CCFIILOOR,COLORIFIC,9
CEFGINORU,CONFIGURE,9
CENNOSSSU,CONSENSUS,9
ACDEINORR,CORIANDER,9
ABCDENORR,CORNBREAD,9
CHIOPRSTU,COURTSHIP,9
ACDORRTUY,COURTYARD,9
CCDEILOOR,CROCODILE,9
ACINORSST,CROISSANT,9
ACKLORSST,CROSSTALK,9
CEFIMNORU,CUNEIFORM,9
BCEKNPRUY,CYBERPUNK,9
ADDEEILRV,DAREDEVIL,9
ADDENOORT,DEODORANT,9
ADEILPRSS,DISPERSAL,9
ADEIIPRRS,DISREPAIR,9
DDEEINSST,DISSENTED,9
CDEHIKOOY,DOOHICKEY,9
AABDEMORT,DREAMBOAT,9
DEGORRSTU,DRUGSTORE,9
AACDILMNY,DYNAMICAL,9
ADINOPSTY,DYSTOPIAN,9
DEEEILSSW,EDELWEISS,9
AABEELORT,ELABORATE,9
CDEEELORT,ELECTRODE,9
AACDEHILN,ENCHILADA,9
DEHINNOPR,ENDORPHIN,9
ABEHILSST,ESTABLISH,9
AEELNOPTX,EXOPLANET,9
AABCFHKLS,FLASHBACK,9
AACEGHRST,GATECRASH,9
AEGIMMNRU,GERMANIUM,9
CDEEGIIMR,GERMICIDE,9
AEGHILRST,GHASTLIER,9
AEGGHIRTZ,GIGAHERTZ,9
ADGILLOSU,GLADIOLUS,9
ADEGNOPRT,GODPARENT,9
AEGILLRRU,GUERRILLA,9
AEHILRSTY,HAIRSTYLE,9
AGHMNRSTU,HAMSTRUNG,9
ADEEHNRSS,HARNESSED,9
CEEGHIMNO,HEGEMONIC,9
AEHIIPSTT,HEPATITIS,9
ABEHIMRRU,HERBARIUM,9
CEHIIRSTU,HEURISTIC,9
AHIINORST,HISTORIAN,9
BEEHMORUY,HOMEBUYER,9
ACDHIILMO,HOMICIDAL,9
AEEHHNPTY,HYPHENATE,9
CHIOPRSYY,HYPOCRISY,9
ACDEIILNT,IDENTICAL,9
ABEIILLLR,ILLIBERAL,9
CEEIMNOPT,IMPOTENCE,9
DEIMNPRTU,IMPRUDENT,9
AAGILNRUU,INAUGURAL,9
EEINNRSST,INERTNESS,9
AIIINORTT,INITIATOR,9
EIMNNORST,INNERMOST,9
ACEILNOTU,INOCULATE,9
ACGIINNOR,INORGANIC,9
CEEILOSSS,ISOSCELES,9
AELNOPRSY,LAYPERSON,9
AEFKLOOPR,LEAKPROOF,9
AEEGILLST,LEGISLATE,9
ABEILORRT,LIBERATOR,9
BEEIILNRT,LIBERTINE,9
AEEFILRSV,LIFESAVER,9
EIILMNOSU,LIMOUSINE,9
DEGILNOTU,LONGITUDE,9
ABDELLLOW,LOWBALLED,9
AIMMNORTY,MATRIMONY,9
AEEGILMPX,MEGAPIXEL,9
AADEMMNOR,MEMORANDA,9
AEEMNOPSU,MENOPAUSE,9
ABCEILMOT,METABOLIC,9
ABCIILMOR,MICROBIAL,9
BCEIMORRW,MICROBREW,9
AEIILLMNN,MILLENNIA,9
DEEEILLMP,MILLEPEDE,9
AIILLMTTW,MILLIWATT,9
ACEEIMMNT,MINCEMEAT,9
AEFHIMNST,MINESHAFT,9
AAEGIMMNS,MISMANAGE,9
EIKMNOPSS,MISSPOKEN,9
EEILMOSTT,MISTLETOE,9
ABEGMNOSY,MONEYBAGS,9
EEGIMOORV,MOVIEGOER,9
AAEELMNPT,NAMEPLATE,9
AENORRSTW,NARROWEST,9
ACEEINNRT,NECTARINE,9
EEGGILNNT,NEGLIGENT,9
AEEGINOTT,NEGOTIATE,9
INOORRSUV,NOROVIRUS,9
ACGILNOST,NOSTALGIC,9
ACEINNOOV,NOVOCAINE,9
AEMNORRTU,NUMERATOR,9
BCEELNOSY,OBSCENELY,9
BCEORSSTU,OBSCUREST,9
BDEMMNOSU,OMBUDSMEN,9
DEEOPPRSS,OPPRESSED,9
AEGIINORT,ORIGINATE,9
EEHIORSTW,OTHERWISE,9
AAELNPSUX,PANSEXUAL,9
AEHIMNPST,PANTHEISM,9
AACIINPRT,PATRICIAN,9
ACDEIIPRT,PATRICIDE,9
AEEENPRTT,PENETRATE,9
ABELMNPRU,PENUMBRAL,9
CDEEPRSSU,PERCUSSED,9
EEILNPSTT,PESTILENT,9
EELMOPRTU,PETROLEUM,9
ACIILOPRT,PICTORIAL,9
AADELLNOP,PLANELOAD,9
ACEGINNOP,POIGNANCE,9
IOOPPRRTU,POTPOURRI,9
EEIPRSSST,PRIESTESS,9
GINOOPRSS,PROGNOSIS,9
CEEINPRRU,PRURIENCE,9
CDEEINORT,RECONDITE,9
DEGIILNNR,REDLINING,9
ADDENNRTU,REDUNDANT,9
AEEINRSTT,REINSTATE,9
CDEEEINRS,RESIDENCE,9
AELNRSTTU,RESULTANT,9
AADENRRTT,RETARDANT,9
ACDHIOPRS,RHAPSODIC,9
DEEIIRRSV,RIVERSIDE,9
ACCHKLOST,SACKCLOTH,9
AACEMNRST,SACRAMENT,9
ADHINOOST,SAINTHOOD,9
CEIINSSTT,SCIENTIST,9
CEEINOSSS,SECESSION,9
AAEEHPRSW,SHAPEWEAR,9
GHIIKNSTT,SKINTIGHT,9
AEIILORST,SOLITAIRE,9
ACEELMOPS,SOMEPLACE,9
HIOPRSSTY,SOPHISTRY,9
AEGHIPSTT,SPAGHETTI,9
DEEEPRSST,SPEEDSTER,9
EILNPRSTY,SPLINTERY,9
AACEIRSST,STAIRCASE,9
AFIILRSTT,STAIRLIFT,9
ACHINNOST,STANCHION,9
CDEHILPST,STEPCHILD,9
EILNORSTY,STORYLINE,9
AAEGMRSTT,STRATAGEM,9
ENORSSTUU,STRENUOUS,9
EGINNRSTT,STRINGENT,9
ABCIMOSTU,SUBATOMIC,9
ABDEELSSU,SUBLEASED,9
AGLMPRSUU,SUGARPLUM,9
AAELNSTTU,SULTANATE,9
EEHOPRRSU,SUPERHERO,9
AENOPRSUV,SUPERNOVA,9
ACGORRSUY,SURROGACY,9
AEISSTTUW,SWEATSUIT,9
AABLLRSYY,SYLLABARY,9
ACENOPSTY,SYNCOPATE,9
ACEINOSTU,TENACIOUS,9
ACCEHORTY,THEOCRACY,9
EEHNOPRTU,THEREUPON,9
AEHRSSTUU,THESAURUS,9
EEEHLQRTU,THREEQUEL,9
ACEEILMST,TIMESCALE,9
BHIMOOSTY,TOMBOYISH,9
AADEMNRST,TRADESMAN,9
AADEGINRT,TRAGEDIAN,9
AADILNORT,TRAINLOAD,9
ADEIOPRTZ,TRAPEZOID,9
AAELRRSTV,TRAVERSAL,9
ADEILLMRT,TREADMILL,9
EIOQRSTUU,TURQUOISE,9
EHLNORSTU,UNHOLSTER,9
AILLNNSTU,UNINSTALL,9
EHLOPRSTU,UPHOLSTER,9
EMOPPRSTU,UPPERMOST,9
GILOORSTU,UROLOGIST,9
ACEENRTTU,UTTERANCE,9
ABEELRRTV,VERTEBRAL,9
AEGIILSTV,VESTIGIAL,9
CIIORSTUV,VIRTUOSIC,9
CEEILNRUV,VIRULENCE,9
ACEIILMOV,VOICEMAIL,9
ACHHLOSTW,WASHCLOTH,9
AEEGHMRTW,WHEATGERM,9
DEEINSSTW,WITNESSED,9
ABEFLNOSW,WOLFSBANE,9
GGILNNOUY,YOUNGLING,9
ABEHNORRT,ABHORRENT,10
ABBENORST,ABSORBENT,10
ABEGIMRRS,AMBERGRIS,10
AACILLNRY,ANCILLARY,10
ACCDHHRUY,ARCHDUCHY,10
ACEEHPRTY,ARCHETYPE,10
ADHOOPRRT,ARTHROPOD,10
ACEHIISTT,ATHEISTIC,10
AABCEILMR,BICAMERAL,10
AABEILLRT,BILATERAL,10
ABEGLRSSU,BLUEGRASS,10
AACEHILPT,CALIPHATE,10
AACCDELLT,CATCALLED,10
ACEEILLST,CELESTIAL,10
ACHINPRST,CHINSTRAP,10
CEGILMMNO,COMMINGLE,10
ACEGILNNO,CONGENIAL,10
ACGINNOOT,CONTAGION,10
ACDELOPSY,COSPLAYED,10
CDEHLOPRU,CUPHOLDER,10
ACDEIIINT,DIETICIAN,10
DDEIINSST,DISSIDENT,10
DEEGINRTV,DIVERGENT,10
AACDDMORU,DOCUDRAMA,10
ABDENOSTU,EASTBOUND,10
CEEEHOPRS,ECOSPHERE,10
ACEEINPRU,EPICUREAN,10
AEEILNSST,ESSENTIAL,10
ABDEEELLY,EYEBALLED,10
CEEFLORSU,FLUORESCE,10
ACEEGLRSY,GREYSCALE,10
ACEHINSTY,HESITANCY,10
ACDEHINNR,HINDRANCE,10
CFHIINOOR,HONORIFIC,10
EGHIINSTY,HYGIENIST,10
EIINNRSTT,INTERNIST,10
AEFKLNORT,LAKEFRONT,10
AEIILNRTY,LINEARITY,10
AEEEMRSTV,METAVERSE,10
EELMOPRTX,METROPLEX,10
ACIILMNTY,MILITANCY,10
ACIIMNORT,MORTICIAN,10
DDEEINOSV,NOSEDIVED,10
BCEELOOSS,OBSOLESCE,10
BCEIORSTT,OBSTETRIC,10
ACDEEINOS,OCEANSIDE,10
ADDEKMORS,ODDSMAKER,10
EEHILNOOP,OENOPHILE,10
AEHOOPSTT,OSTEOPATH,10
EELORSSUV,OURSELVES,10
ACDEHMPRY,PACHYDERM,10
AEGOPRRTY,PARTYGOER,10
AAEGMNPRT,PENTAGRAM,10
EIMMNOPRS,PERSIMMON,10
AADEELPTU,PLATEAUED,10
ACLOPRTTU,PLUTOCRAT,10
BILOOPRTU,POLITBURO,10
AEOPRRRTY,PORTRAYER,10
AEENOPRSS,PRESEASON,10
ACIIOPRST,PSORIATIC,10
ACCDHIIOR,RADICCHIO,10
AEEMPRTTT,REATTEMPT,10
ADEEEFNRR,REFERENDA,10
ADDEEEGNR,RENEGADED,10
ABEIORRTV,RIVERBOAT,10
EHILPRRSU,RULERSHIP,10
AEGILLRSS,SALESGIRL,10
CEILMNOOS,SEMICOLON,10
ACEHOPRRS,SHARECROP,10
AEGHIKNRS,SHRINKAGE,10
ACEKMOORS,SMACKEROO,10
ACHIOOPST,SOCIOPATH,10
EEENNORST,SONNETEER,10
AEILLRSTW,STAIRWELL,10
ADEHOOSTT,STATEHOOD,10
ADEEISTTW,STATEWIDE,10
AEKMNPSTU,STEAMPUNK,10
AELLMORST,STEAMROLL,10
ADEELRSTY,STEELYARD,10
EEIOPPSTV,STOVEPIPE,10
ABCCIRSTU,SUBARCTIC,10
ACCHOSSTU,SUCCOTASH,10
CEENNRSSU,SUNSCREEN,10
CEELLPRSU,SUPERCELL,10
CCEHHKOTT,TCHOTCHKE,10
AEMNRSTTU,TRANSMUTE,10
BEIILORTT,TRILOBITE,10
CDEKNRTUU,TURDUCKEN,10
ACDEELRTU,ULCERATED,10
DEGIIRRSV,VERDIGRIS,10
DHINNOTUW,WHODUNNIT,10
EFILLNOWY,YELLOWFIN,10
